"address","categories/0","categories/1","categories/2","categoryName","cid","city","countryCode","fid","imageUrl","isAdvertisement","isLocalGuide","likesCount","location/lat","location/lng","name","neighborhood","originalLanguage","permanentlyClosed","placeId","postalCode","price","publishAt","publishedAtDate","rating","responseFromOwnerDate","responseFromOwnerText","reviewContext/Reservation recommended","reviewContext/Visited on","reviewContext/Wait time","reviewId","reviewImageUrls/0","reviewImageUrls/1","reviewImageUrls/2","reviewImageUrls/3","reviewImageUrls/4","reviewImageUrls/5","reviewImageUrls/6","reviewImageUrls/7","reviewImageUrls/8","reviewImageUrls/9","reviewImageUrls/10","reviewImageUrls/11","reviewImageUrls/12","reviewOrigin","reviewUrl","reviewerId","reviewerNumberOfReviews","reviewerPhotoUrl","reviewerUrl","reviewsCount","searchString","stars","state","street","temporarilyClosed","text","textTranslated","title","totalScore","translatedLanguage","url","visitedIn"
"Skippergata, 7042 Trondheim, Norway","Historical landmark","Historical place","Tourist attraction","Historical landmark","10314120648761704416","Trondheim","NO","0x466d310ad1152099:0x8f231e155ff67fe0","https://lh5.googleusercontent.com/p/AF1QipPTUrGnFNt0Yy5nT2OD_Dn6ROTEHx-MPueDvm2t=w408-h306-k-no","false","true","0","63.440274","10.4161705","Dex McHenry",,"en","false","ChIJmSAV0QoxbUYR4H_2XxUeI48","7042",,"3 days ago","2025-02-09T22:29:07.852Z",,,,"No","Weekday","No wait","ChdDSUhNMG9nS0VJQ0FnTURBc2J2Mm13RRAB","https://lh3.googleusercontent.com/geougc-cs/AIHozJKhKhCmSxIVgwV0Y4wDXxMwzypR-myUKvGIfrSu9nlgOU8R59HVYV5I5IV4QJvCCTjvCUHrQBtv16Ts00KP179qTRUphSVhDVxihs6B3v_-ViyAzOY6FiAj55TZpPidHb2vJOQs","https://lh3.googleusercontent.com/geougc-cs/AIHozJIJWWVhLoY9SL9Z2BrOoMZPGY8FEaBxJjv6M6RrWBoS60rhF1oTHX64fnNZ3lvH9HNMGjQ2QeGkElsOswB4A1T03yd--tzLFSnZyolNihaqvFz9Uo-M6hVYwUxgnb_fl-mHLAov","https://lh3.googleusercontent.com/geougc-cs/AIHozJL3_FOfVqxcQyrG2gHFtOD13P1sGSxwoaM0nPSD6uYtIa769cC5FAmDT56aJvtrFJoNQw4wG6Z5ixJQTBBkQM2jinlBCghyQMhlcU27y2r8gzEn9_QpZ18J3eAOqEO598MO1mHo","https://lh3.googleusercontent.com/geougc-cs/AIHozJKvnxxAEZIHHfoQ41SSwM6fD2BiubXxGaBf-wjb0Kcw6pZYn2TFYYR-T5T9gKtNlPWPBuTXXReb5ZzEXzC6CTe83kWwQm-UoVKUIQdAQWwOaK82bCVmWHBqQWqHDYblDrfsJq-AXQ",,,,,,,,,,"Google","https://www.google.com/maps/reviews/data=!4m8!14m7!1m6!2m5!1sChdDSUhNMG9nS0VJQ0FnTURBc2J2Mm13RRAB!2m1!1s0x0:0x8f231e155ff67fe0!3m1!1s2@1:CIHM0ogKEICAgMDAsbv2mwE%7CCgwIs9ikvQYQ4P2_lgM%7C?hl=en","117171848185731646554","173","https://lh3.googleusercontent.com/a-/ALV-UjXnWoX3aw17fBCofRyLuX2tWlMQIV57adqq42YvOSfqczyzqY5R=s1920-c-rp-mo-ba5-br100","https://www.google.com/maps/contrib/117171848185731646554?hl=en","44","Direct Detail URL: https://www.google.com/maps/place/Dora+II/@63.440274,10.4135956,16z/data=!4m16!1m9!3m8!1s0x466d310ad1152099:0x8f231e155ff67fe0!2sDora+II!8m2!3d63.440274!4d10.4161705!9m1!1b1!16s%2Fm%2F0641t5_!3m5!1s0x466d310ad1152099:0x8f231e155ff67fe0!8m2!3d63.440274!4d10.4161705!16s%2Fm%2F0641t5_?entry=ttu&g_ep=EgoyMDI1MDIxMC4wIKXMDSoJLDEwMjExMjMzSAFQAw%3D%3D","5",,"Skippergata","false","If you like brutalist WW2: concrete then this is a place for you. No public access to the interior but you can walk around three sides of the exterior. Classic Nazi era megastructure.",,"Dora 2","4.2",,"https://www.google.com/maps/search/?api=1&query=Dora%202&query_place_id=ChIJmSAV0QoxbUYR4H_2XxUeI48",
"Skippergata, 7042 Trondheim, Norway","Historical landmark","Historical place","Tourist attraction","Historical landmark","10314120648761704416","Trondheim","NO","0x466d310ad1152099:0x8f231e155ff67fe0","https://lh5.googleusercontent.com/p/AF1QipPTUrGnFNt0Yy5nT2OD_Dn6ROTEHx-MPueDvm2t=w408-h306-k-no","false","true","0","63.440274","10.4161705","PB Burik",,"nl","false","ChIJmSAV0QoxbUYR4H_2XxUeI48","7042",,"a year ago","2023-08-28T09:24:12.751Z",,,,,,,"ChdDSUhNMG9nS0VJQ0FnSURwNDlLNThBRRAB",,,,,,,,,,,,,,"Google","https://www.google.com/maps/reviews/data=!4m8!14m7!1m6!2m5!1sChdDSUhNMG9nS0VJQ0FnSURwNDlLNThBRRAB!2m1!1s0x0:0x8f231e155ff67fe0!3m1!1s2@1:CIHM0ogKEICAgIDp49K58AE%7CCgwIvM-xpwYQ8Iq_5gI%7C?hl=en","101249890738922476951","29","https://lh3.googleusercontent.com/a-/ALV-UjW38M3dT9oDf4EvFnUEF4KJv6UJWuA9vrq0S-xoWOvN-hwrVtSz=s1920-c-rp-mo-ba2-br100","https://www.google.com/maps/contrib/101249890738922476951?hl=en","44","Direct Detail URL: https://www.google.com/maps/place/Dora+II/@63.440274,10.4135956,16z/data=!4m16!1m9!3m8!1s0x466d310ad1152099:0x8f231e155ff67fe0!2sDora+II!8m2!3d63.440274!4d10.4161705!9m1!1b1!16s%2Fm%2F0641t5_!3m5!1s0x466d310ad1152099:0x8f231e155ff67fe0!8m2!3d63.440274!4d10.4161705!16s%2Fm%2F0641t5_?entry=ttu&g_ep=EgoyMDI1MDIxMC4wIKXMDSoJLDEwMjExMjMzSAFQAw%3D%3D","5",,"Skippergata","false","Het is de moeite waard om dit imposante gebouw te bezoeken als je de geschiedenis van Trondheim rond de tweede wereldoorlog interessant vindt.","It is worth visiting this imposing building if you are interested in the history of Trondheim around the Second World War.","Dora 2","4.2","en","https://www.google.com/maps/search/?api=1&query=Dora%202&query_place_id=ChIJmSAV0QoxbUYR4H_2XxUeI48",
"Skippergata, 7042 Trondheim, Norway","Historical landmark","Historical place","Tourist attraction","Historical landmark","10314120648761704416","Trondheim","NO","0x466d310ad1152099:0x8f231e155ff67fe0","https://lh5.googleusercontent.com/p/AF1QipPTUrGnFNt0Yy5nT2OD_Dn6ROTEHx-MPueDvm2t=w408-h306-k-no","false","false","0","63.440274","10.4161705","Wilfred Puntman",,"nl","false","ChIJmSAV0QoxbUYR4H_2XxUeI48","7042",,"a year ago","2023-07-16T19:48:06.794Z",,,,,,,"ChZDSUhNMG9nS0VJQ0FnSURKOXRUeFpBEAE","https://lh3.googleusercontent.com/geougc-cs/AIHozJIKX6izF_e-87MbmbX83phKhvqh70m_jkeIY76_KjUm-Y0-lQWaueCYxX7RBCai1CU6SLp1GO1CUXM-pGiJf43vsnl-hBODYtD8UtQHz7hnDHCocc0NNdTw7e9lDVM49c1IzQ_FLQ","https://lh3.googleusercontent.com/geougc-cs/AIHozJLhBEcvXm8xv1ZDsIapmOVlMS3lqGjh6fYRw_h7tyxyNNhJPF0QU5DkSgyjHAOaFk7rrMk-PLZYzWhxmb0gDxxLceyHTL_txCtozb0_uFylCPET2JRUccn5z0e7hDLiqfvy-AVH","https://lh3.googleusercontent.com/geougc-cs/AIHozJIhkSh8VvMKBAdggP2wLGk5-RMoroVxPzBNd8O5kqvSqiFuyiXiWkUV54qFgb4LiHfBaajDfzKW9788rKyprK69OZi1ET_-zrSzRsSSmvUclISIPFt3ZYVjecfSMnmdGPb6ohq5Mw","https://lh3.googleusercontent.com/geougc-cs/AIHozJL9evflD5ZbewpUkRmL8RnG89RFdvkz58xxlUpUTYc6cFEG10F6HkHzFCzmDBeEoe-qRbhU6za7EY4MhFbjoEAPtNsG3OFLF8gR9nJIv6bQrk1d1bXoJOQI6ZsZr9rJyM6VmLc","https://lh3.googleusercontent.com/geougc-cs/AIHozJJm2J6OUxpSmnfZbWExAF4WswPCasPyMolHN6mc82OWQroWV4OgEG6qXXNnZ6WDF3nQbGe_zWEBF1JCeg0zNO7n2ldTsL5crBNVKZKRkGa_GIn99Knt2wFDcV5qpJWG_2sreAGFTA","https://lh3.googleusercontent.com/geougc-cs/AIHozJJTUnOmE1GX5amPe4fsrsEO5p9DY7TyG9mGmVNfVNZXVe5iOv-xqeTB-mTw-O01ZYO-Xuwi1yd5ZtODznCFJ1ih4STmW5G8KYsvV1ekWmRVw0sLkwoY33Q_vCEW-i4T16nbq6T-","https://lh3.googleusercontent.com/geougc-cs/AIHozJKPfJT6rvVT3DGfyJluWZRgjZSOFfQcY0DiyiIF5xiudcXG5z2TKW-YrITYIfxbFhUhYPtalTcA_yzY6A8kzqV96pNj7St8bpBHUUcxUECeS8BEfS4FSsJRkIAH5TzomhVRrX8Tpw","https://lh3.googleusercontent.com/geougc-cs/AIHozJIIAZgeSJIHmYUX0IXDfVExn2FsY8G1LEMqbCo8uR1RcuejKRroT5VG0juIWFtTL7tkKmB02Vf6g2gOLJuojrLvT6CjaR3O59aM-3M77TbB0nGBiBoZgt7TTdzcu8cjV7vn8CD_","https://lh3.googleusercontent.com/geougc-cs/AIHozJLEbZQ6KaEEcNcCSLl-ZVXA0m35_BdzRQ5OA4r8xdrpfjmjp92K4w_4ko3JPyfmDrDN4Uv7JAZVKEX0pRKxRF1-Pskma9LDi_xD0oqpoYPr1a1au3XfCRT2iuz87Djj_-LHFoWX","https://lh3.googleusercontent.com/geougc-cs/AIHozJJKUChgKByqdcxdXE9o7VEVys0qLn-E6pWj2iJO3Qz1pk5zFMM0XVtFs5uu5A65UJCkzK1k38jNdlv-1cky6_ECPH20nTFFtj3gCqSMGj5UHoAVl0Goi5_lWxGUr7Dapr2Y5AZh",,,,"Google","https://www.google.com/maps/reviews/data=!4m8!14m7!1m6!2m5!1sChZDSUhNMG9nS0VJQ0FnSURKOXRUeFpBEAE!2m1!1s0x0:0x8f231e155ff67fe0!3m1!1s2@1:CIHM0ogKEICAgIDJ9tTxZA%7CCgwI9pLRpQYQiKf0-gI%7C?hl=en","107801583633120053985","715","https://lh3.googleusercontent.com/a-/ALV-UjVtbMTi3cOv2DK6qV_1WqvhX0pLIM429n9n4bXEyGfr4wGqx8qO0A=s1920-c-rp-mo-br100","https://www.google.com/maps/contrib/107801583633120053985?hl=en","44","Direct Detail URL: https://www.google.com/maps/place/Dora+II/@63.440274,10.4135956,16z/data=!4m16!1m9!3m8!1s0x466d310ad1152099:0x8f231e155ff67fe0!2sDora+II!8m2!3d63.440274!4d10.4161705!9m1!1b1!16s%2Fm%2F0641t5_!3m5!1s0x466d310ad1152099:0x8f231e155ff67fe0!8m2!3d63.440274!4d10.4161705!16s%2Fm%2F0641t5_?entry=ttu&g_ep=EgoyMDI1MDIxMC4wIKXMDSoJLDEwMjExMjMzSAFQAw%3D%3D","5",,"Skippergata","false","Bijzondere plek in de geschiedenis. Fraai om zo'n imposant gebouw te zien. Helaas niets van het oude binnenwerk te zien. Toch goed om daar even naar toe te gaan!","Special place in history. Nice to see such an imposing building. Unfortunately, nothing of the old interior can be seen. Still good to go there!","Dora 2","4.2","en","https://www.google.com/maps/search/?api=1&query=Dora%202&query_place_id=ChIJmSAV0QoxbUYR4H_2XxUeI48",
"Skippergata, 7042 Trondheim, Norway","Historical landmark","Historical place","Tourist attraction","Historical landmark","10314120648761704416","Trondheim","NO","0x466d310ad1152099:0x8f231e155ff67fe0","https://lh5.googleusercontent.com/p/AF1QipPTUrGnFNt0Yy5nT2OD_Dn6ROTEHx-MPueDvm2t=w408-h306-k-no","false","false","0","63.440274","10.4161705","EMAD ALHARIRI",,,"false","ChIJmSAV0QoxbUYR4H_2XxUeI48","7042",,"a year ago","2023-06-27T21:35:46.732Z",,,,,,,"ChZDSUhNMG9nS0VJQ0FnSUNKbnRQVEZnEAE",,,,,,,,,,,,,,"Google","https://www.google.com/maps/reviews/data=!4m8!14m7!1m6!2m5!1sChZDSUhNMG9nS0VJQ0FnSUNKbnRQVEZnEAE!2m1!1s0x0:0x8f231e155ff67fe0!3m1!1s2@1:CIHM0ogKEICAgICJntPTFg%7CCgwIsqztpAYQ6LHA3QI%7C?hl=en","108004250532783206243","0","https://lh3.googleusercontent.com/a/ACg8ocK0LM1njN-JQv5OHBRScY79n0gSz_FxCfQp99XYr1feKyaVDg=s1920-c-rp-mo-br100","https://www.google.com/maps/contrib/108004250532783206243?hl=en","44","Direct Detail URL: https://www.google.com/maps/place/Dora+II/@63.440274,10.4135956,16z/data=!4m16!1m9!3m8!1s0x466d310ad1152099:0x8f231e155ff67fe0!2sDora+II!8m2!3d63.440274!4d10.4161705!9m1!1b1!16s%2Fm%2F0641t5_!3m5!1s0x466d310ad1152099:0x8f231e155ff67fe0!8m2!3d63.440274!4d10.4161705!16s%2Fm%2F0641t5_?entry=ttu&g_ep=EgoyMDI1MDIxMC4wIKXMDSoJLDEwMjExMjMzSAFQAw%3D%3D","5",,"Skippergata","false",,,"Dora 2","4.2",,"https://www.google.com/maps/search/?api=1&query=Dora%202&query_place_id=ChIJmSAV0QoxbUYR4H_2XxUeI48",
"Skippergata, 7042 Trondheim, Norway","Historical landmark","Historical place","Tourist attraction","Historical landmark","10314120648761704416","Trondheim","NO","0x466d310ad1152099:0x8f231e155ff67fe0","https://lh5.googleusercontent.com/p/AF1QipPTUrGnFNt0Yy5nT2OD_Dn6ROTEHx-MPueDvm2t=w408-h306-k-no","false","true","0","63.440274","10.4161705","Rasko Simovic",,"en","false","ChIJmSAV0QoxbUYR4H_2XxUeI48","7042",,"3 years ago","2021-02-25T16:13:37.864Z",,,,,,,"ChZDSUhNMG9nS0VJQ0FnSUR5MUtLbGJREAE",,,,,,,,,,,,,,"Google","https://www.google.com/maps/reviews/data=!4m8!14m7!1m6!2m5!1sChZDSUhNMG9nS0VJQ0FnSUR5MUtLbGJREAE!2m1!1s0x0:0x8f231e155ff67fe0!3m1!1s2@1:CIHM0ogKEICAgIDy1KKlbQ%7CCgwIsZnfgQYQiKO5nAM%7C?hl=en","108583800951527026679","324","https://lh3.googleusercontent.com/a-/ALV-UjUZPIdjmsjBgG048jP-8X3gYFt8hj9a3vbAMQvKi-or2TFjoznfaQ=s1920-c-rp-mo-ba6-br100","https://www.google.com/maps/contrib/108583800951527026679?hl=en","44","Direct Detail URL: https://www.google.com/maps/place/Dora+II/@63.440274,10.4135956,16z/data=!4m16!1m9!3m8!1s0x466d310ad1152099:0x8f231e155ff67fe0!2sDora+II!8m2!3d63.440274!4d10.4161705!9m1!1b1!16s%2Fm%2F0641t5_!3m5!1s0x466d310ad1152099:0x8f231e155ff67fe0!8m2!3d63.440274!4d10.4161705!16s%2Fm%2F0641t5_?entry=ttu&g_ep=EgoyMDI1MDIxMC4wIKXMDSoJLDEwMjExMjMzSAFQAw%3D%3D","5",,"Skippergata","false","Concrete megastructure from World War II.  It is also a base for German Reich submarines in World War II.",,"Dora 2","4.2",,"https://www.google.com/maps/search/?api=1&query=Dora%202&query_place_id=ChIJmSAV0QoxbUYR4H_2XxUeI48",
"Skippergata, 7042 Trondheim, Norway","Historical landmark","Historical place","Tourist attraction","Historical landmark","10314120648761704416","Trondheim","NO","0x466d310ad1152099:0x8f231e155ff67fe0","https://lh5.googleusercontent.com/p/AF1QipPTUrGnFNt0Yy5nT2OD_Dn6ROTEHx-MPueDvm2t=w408-h306-k-no","false","true","0","63.440274","10.4161705","Michelle Lara Domínguez",,,"false","ChIJmSAV0QoxbUYR4H_2XxUeI48","7042",,"4 years ago","2021-01-03T18:28:11.594Z",,,,,,,"ChZDSUhNMG9nS0VJQ0FnSURTMWQyeFZREAE",,,,,,,,,,,,,,"Google","https://www.google.com/maps/reviews/data=!4m8!14m7!1m6!2m5!1sChZDSUhNMG9nS0VJQ0FnSURTMWQyeFZREAE!2m1!1s0x0:0x8f231e155ff67fe0!3m1!1s2@1:CIHM0ogKEICAgIDS1d2xVQ%7CCgwIu5nI_wUQyNjImwI%7C?hl=en","106956728511667670374","6","https://lh3.googleusercontent.com/a-/ALV-UjUteXg01fopJ5LgU4thLMyODrMlAuOb9g_OaxPSGQ5t7RTaq8KL=s1920-c-rp-mo-ba2-br100","https://www.google.com/maps/contrib/106956728511667670374?hl=en","44","Direct Detail URL: https://www.google.com/maps/place/Dora+II/@63.440274,10.4135956,16z/data=!4m16!1m9!3m8!1s0x466d310ad1152099:0x8f231e155ff67fe0!2sDora+II!8m2!3d63.440274!4d10.4161705!9m1!1b1!16s%2Fm%2F0641t5_!3m5!1s0x466d310ad1152099:0x8f231e155ff67fe0!8m2!3d63.440274!4d10.4161705!16s%2Fm%2F0641t5_?entry=ttu&g_ep=EgoyMDI1MDIxMC4wIKXMDSoJLDEwMjExMjMzSAFQAw%3D%3D","4",,"Skippergata","false",,,"Dora 2","4.2",,"https://www.google.com/maps/search/?api=1&query=Dora%202&query_place_id=ChIJmSAV0QoxbUYR4H_2XxUeI48",
"Skippergata, 7042 Trondheim, Norway","Historical landmark","Historical place","Tourist attraction","Historical landmark","10314120648761704416","Trondheim","NO","0x466d310ad1152099:0x8f231e155ff67fe0","https://lh5.googleusercontent.com/p/AF1QipPTUrGnFNt0Yy5nT2OD_Dn6ROTEHx-MPueDvm2t=w408-h306-k-no","false","false","0","63.440274","10.4161705","Anna Carlsson",,,"false","ChIJmSAV0QoxbUYR4H_2XxUeI48","7042",,"4 years ago","2020-12-22T09:29:48.612Z",,,,,,,"ChdDSUhNMG9nS0VJQ0FnSURTMnMzNnFnRRAB",,,,,,,,,,,,,,"Google","https://www.google.com/maps/reviews/data=!4m8!14m7!1m6!2m5!1sChdDSUhNMG9nS0VJQ0FnSURTMnMzNnFnRRAB!2m1!1s0x0:0x8f231e155ff67fe0!3m1!1s2@1:CIHM0ogKEICAgIDS2s36qgE%7CCgwIjPmG_wUQwMf8owI%7C?hl=en","114610436350889464679","6","https://lh3.googleusercontent.com/a-/ALV-UjWW6p0Ng66A5iH5z9nPyaZ2wxFqjNC8mQ5PN0OYfNKEjOpD2h58=s1920-c-rp-mo-br100","https://www.google.com/maps/contrib/114610436350889464679?hl=en","44","Direct Detail URL: https://www.google.com/maps/place/Dora+II/@63.440274,10.4135956,16z/data=!4m16!1m9!3m8!1s0x466d310ad1152099:0x8f231e155ff67fe0!2sDora+II!8m2!3d63.440274!4d10.4161705!9m1!1b1!16s%2Fm%2F0641t5_!3m5!1s0x466d310ad1152099:0x8f231e155ff67fe0!8m2!3d63.440274!4d10.4161705!16s%2Fm%2F0641t5_?entry=ttu&g_ep=EgoyMDI1MDIxMC4wIKXMDSoJLDEwMjExMjMzSAFQAw%3D%3D","4",,"Skippergata","false",,,"Dora 2","4.2",,"https://www.google.com/maps/search/?api=1&query=Dora%202&query_place_id=ChIJmSAV0QoxbUYR4H_2XxUeI48",
"Skippergata, 7042 Trondheim, Norway","Historical landmark","Historical place","Tourist attraction","Historical landmark","10314120648761704416","Trondheim","NO","0x466d310ad1152099:0x8f231e155ff67fe0","https://lh5.googleusercontent.com/p/AF1QipPTUrGnFNt0Yy5nT2OD_Dn6ROTEHx-MPueDvm2t=w408-h306-k-no","false","false","0","63.440274","10.4161705","Robert C",,,"false","ChIJmSAV0QoxbUYR4H_2XxUeI48","7042",,"4 years ago","2020-08-17T14:21:22.794Z",,,,,,,"ChdDSUhNMG9nS0VJQ0FnSUNDNHFUODR3RRAB",,,,,,,,,,,,,,"Google","https://www.google.com/maps/reviews/data=!4m8!14m7!1m6!2m5!1sChdDSUhNMG9nS0VJQ0FnSUNDNHFUODR3RRAB!2m1!1s0x0:0x8f231e155ff67fe0!3m1!1s2@1:CIHM0ogKEICAgICC4qT84wE%7CCgwI4qTq-QUQ4P7p-gI%7C?hl=en","104601132263816733414","1","https://lh3.googleusercontent.com/a/ACg8ocKW3J7gm0iAgERlzqziFPfRsdXTOfeApemLBLjdWo3scjjx1w=s1920-c-rp-mo-br100","https://www.google.com/maps/contrib/104601132263816733414?hl=en","44","Direct Detail URL: https://www.google.com/maps/place/Dora+II/@63.440274,10.4135956,16z/data=!4m16!1m9!3m8!1s0x466d310ad1152099:0x8f231e155ff67fe0!2sDora+II!8m2!3d63.440274!4d10.4161705!9m1!1b1!16s%2Fm%2F0641t5_!3m5!1s0x466d310ad1152099:0x8f231e155ff67fe0!8m2!3d63.440274!4d10.4161705!16s%2Fm%2F0641t5_?entry=ttu&g_ep=EgoyMDI1MDIxMC4wIKXMDSoJLDEwMjExMjMzSAFQAw%3D%3D","5",,"Skippergata","false",,,"Dora 2","4.2",,"https://www.google.com/maps/search/?api=1&query=Dora%202&query_place_id=ChIJmSAV0QoxbUYR4H_2XxUeI48",
"Skippergata, 7042 Trondheim, Norway","Historical landmark","Historical place","Tourist attraction","Historical landmark","10314120648761704416","Trondheim","NO","0x466d310ad1152099:0x8f231e155ff67fe0","https://lh5.googleusercontent.com/p/AF1QipPTUrGnFNt0Yy5nT2OD_Dn6ROTEHx-MPueDvm2t=w408-h306-k-no","false","true","0","63.440274","10.4161705","Marc Debus",,"de","false","ChIJmSAV0QoxbUYR4H_2XxUeI48","7042",,"4 years ago","2020-07-29T13:46:20.407Z",,,,,,,"ChdDSUhNMG9nS0VJQ0FnSUQ4aThlWWxnRRAB","https://lh3.googleusercontent.com/geougc-cs/AIHozJLrfPZnFcseAWzVMszWdtQmMdxWc8CDzoQGEhfWg7C-6T2GRmMpG5_GN_lCVdWhay89f-RClOG3CBzHPnyxCVLomSKj7WNKdQ8vzj8KOz9Kvf378ZZ65Yoduc4Wh1qp0iNI3Dzojg","https://lh3.googleusercontent.com/geougc-cs/AIHozJIw5SugmCWu6yc03KiXvwi-VmbfQH1V7EDtqGqyZ1JyCfR3vJ8w-Si43nJzYcPHfvt7xIa5BRpLuLHoxJhDXlnfb_VwjBGFfx1XmursVP2RwA33mDvAAAS-RBV69leQzR6ZZ25C","https://lh3.googleusercontent.com/geougc-cs/AIHozJKJncmKP5xFje5QWph8tFN_eU8Q-S94bQLSNj7zN29PoHx66JbLZQVcbLAKHxgfeqO2yJtsnk26_xA6T6i-PPUPZ9lGceU1mC43PLCHx4-tA7B8ydZecYQGURmqQ_ALAeldnijSvA","https://lh3.googleusercontent.com/geougc-cs/AIHozJJ15c2ZRpNG1qVaRDVGzsV9m73j46ozK6JRKGqvi5V-gBc_K_TDVsa9FzKZDTL5CthcFBmHuQO3wzO0OTfrM3m7tfL_fzcKtW-aZrhJwfQ5fzM6jRn4Mmlb4Ct1Yy9eMbXLC4xdvA","https://lh3.googleusercontent.com/geougc-cs/AIHozJI7m55lRMqcmDLxQqb9FEF4oc6Qu0Lj_6MGnWfjbRd7-1dmk41eLX6LodAkePnggGDGg8o0UlWjvLItJorm42XEMQ1wczIAJELQb2yKNsAgmu8mAT7GtAdoC0LzUDeCegpB3WduLA","https://lh3.googleusercontent.com/geougc-cs/AIHozJLnbsnPAyWYH4GqndkzZvtijM5GEAflttm5UUZeO3kzqGW7XmENZDWFP0adFXLQ0VlD1Xq69uKYbGqf_p4eqAuYrWqhYX1IhUuDuAhr3bXwOsSN_ziuu0O7hLNdVyXofYi08dw","https://lh3.googleusercontent.com/geougc-cs/AIHozJJ0wo7Jai362t21Dn0_mF5q2easQgeqvLZa128w2vEE5qRJdJwWB04L8XAJRBcUjRgkNKgTqQwEmrPnknFAJhVFWVz0iQFWEF5HAZ2Pu0ZEyXBL7lkOY_MyrvmXr2YU5nlwEgci",,,,,,,"Google","https://www.google.com/maps/reviews/data=!4m8!14m7!1m6!2m5!1sChdDSUhNMG9nS0VJQ0FnSUQ4aThlWWxnRRAB!2m1!1s0x0:0x8f231e155ff67fe0!3m1!1s2@1:CIHM0ogKEICAgID8i8eYlgE%7CCgwIrPuF-QUQ6NWRwgE%7C?hl=en","110122898307424819760","2231","https://lh3.googleusercontent.com/a-/ALV-UjUO1H3jgYk6qAiUQLfbdqw1HnZakbp4uJMcbpVmQAFlcND0F1A=s1920-c-rp-mo-ba8-br100","https://www.google.com/maps/contrib/110122898307424819760?hl=en","44","Direct Detail URL: https://www.google.com/maps/place/Dora+II/@63.440274,10.4135956,16z/data=!4m16!1m9!3m8!1s0x466d310ad1152099:0x8f231e155ff67fe0!2sDora+II!8m2!3d63.440274!4d10.4161705!9m1!1b1!16s%2Fm%2F0641t5_!3m5!1s0x466d310ad1152099:0x8f231e155ff67fe0!8m2!3d63.440274!4d10.4161705!16s%2Fm%2F0641t5_?entry=ttu&g_ep=EgoyMDI1MDIxMC4wIKXMDSoJLDEwMjExMjMzSAFQAw%3D%3D","5",,"Skippergata","false","Interessant....eins der Docks ist sogar leer und man erkennt die Ausmaße der Dockboxen","Interesting... one of the docks is even empty and you can see the dimensions of the dock boxes","Dora 2","4.2","en","https://www.google.com/maps/search/?api=1&query=Dora%202&query_place_id=ChIJmSAV0QoxbUYR4H_2XxUeI48",
"Skippergata, 7042 Trondheim, Norway","Historical landmark","Historical place","Tourist attraction","Historical landmark","10314120648761704416","Trondheim","NO","0x466d310ad1152099:0x8f231e155ff67fe0","https://lh5.googleusercontent.com/p/AF1QipPTUrGnFNt0Yy5nT2OD_Dn6ROTEHx-MPueDvm2t=w408-h306-k-no","false","true","0","63.440274","10.4161705","Arne Fjerdingøy",,,"false","ChIJmSAV0QoxbUYR4H_2XxUeI48","7042",,"5 years ago","2019-12-25T20:42:08.263Z",,,,,,,"ChdDSUhNMG9nS0VJQ0FnSURNeXFPMHRnRRAB",,,,,,,,,,,,,,"Google","https://www.google.com/maps/reviews/data=!4m8!14m7!1m6!2m5!1sChdDSUhNMG9nS0VJQ0FnSURNeXFPMHRnRRAB!2m1!1s0x0:0x8f231e155ff67fe0!3m1!1s2@1:CIHM0ogKEICAgIDMyqO0tgE%7CCgsIoJOP8AUQ6KbJfQ%7C?hl=en","110389987454380984110","33","https://lh3.googleusercontent.com/a-/ALV-UjUDxMCtbtFZcsGP8_TzVznl5ppFeukfOsyUVCh9CC_F3RshB8UH=s1920-c-rp-mo-ba3-br100","https://www.google.com/maps/contrib/110389987454380984110?hl=en","44","Direct Detail URL: https://www.google.com/maps/place/Dora+II/@63.440274,10.4135956,16z/data=!4m16!1m9!3m8!1s0x466d310ad1152099:0x8f231e155ff67fe0!2sDora+II!8m2!3d63.440274!4d10.4161705!9m1!1b1!16s%2Fm%2F0641t5_!3m5!1s0x466d310ad1152099:0x8f231e155ff67fe0!8m2!3d63.440274!4d10.4161705!16s%2Fm%2F0641t5_?entry=ttu&g_ep=EgoyMDI1MDIxMC4wIKXMDSoJLDEwMjExMjMzSAFQAw%3D%3D","5",,"Skippergata","false",,,"Dora 2","4.2",,"https://www.google.com/maps/search/?api=1&query=Dora%202&query_place_id=ChIJmSAV0QoxbUYR4H_2XxUeI48",
"Skippergata, 7042 Trondheim, Norway","Historical landmark","Historical place","Tourist attraction","Historical landmark","10314120648761704416","Trondheim","NO","0x466d310ad1152099:0x8f231e155ff67fe0","https://lh5.googleusercontent.com/p/AF1QipPTUrGnFNt0Yy5nT2OD_Dn6ROTEHx-MPueDvm2t=w408-h306-k-no","false","false","0","63.440274","10.4161705","Nina A",,,"false","ChIJmSAV0QoxbUYR4H_2XxUeI48","7042",,"5 years ago","2019-11-21T15:11:25.181Z",,,,,,,"ChZDSUhNMG9nS0VJQ0FnSUNNdnAtS0VREAE",,,,,,,,,,,,,,"Google","https://www.google.com/maps/reviews/data=!4m8!14m7!1m6!2m5!1sChZDSUhNMG9nS0VJQ0FnSUNNdnAtS0VREAE!2m1!1s0x0:0x8f231e155ff67fe0!3m1!1s2@1:CIHM0ogKEICAgICMvp-KEQ%7CCgsIndLa7gUQiJDTVg%7C?hl=en","101407861401198412749","5","https://lh3.googleusercontent.com/a/ACg8ocK25HC-JNxU8446vxoU8HQJuLO4l2nH-F54z6IRkJseQ95B_w=s1920-c-rp-mo-br100","https://www.google.com/maps/contrib/101407861401198412749?hl=en","44","Direct Detail URL: https://www.google.com/maps/place/Dora+II/@63.440274,10.4135956,16z/data=!4m16!1m9!3m8!1s0x466d310ad1152099:0x8f231e155ff67fe0!2sDora+II!8m2!3d63.440274!4d10.4161705!9m1!1b1!16s%2Fm%2F0641t5_!3m5!1s0x466d310ad1152099:0x8f231e155ff67fe0!8m2!3d63.440274!4d10.4161705!16s%2Fm%2F0641t5_?entry=ttu&g_ep=EgoyMDI1MDIxMC4wIKXMDSoJLDEwMjExMjMzSAFQAw%3D%3D","5",,"Skippergata","false",,,"Dora 2","4.2",,"https://www.google.com/maps/search/?api=1&query=Dora%202&query_place_id=ChIJmSAV0QoxbUYR4H_2XxUeI48",
"Skippergata, 7042 Trondheim, Norway","Historical landmark","Historical place","Tourist attraction","Historical landmark","10314120648761704416","Trondheim","NO","0x466d310ad1152099:0x8f231e155ff67fe0","https://lh5.googleusercontent.com/p/AF1QipPTUrGnFNt0Yy5nT2OD_Dn6ROTEHx-MPueDvm2t=w408-h306-k-no","false","true","0","63.440274","10.4161705","Artur Kivisild",,,"false","ChIJmSAV0QoxbUYR4H_2XxUeI48","7042",,"5 years ago","2019-11-08T09:23:36.562Z",,,,,,,"ChZDSUhNMG9nS0VJQ0FnSUQwb2FTd1dnEAE",,,,,,,,,,,,,,"Google","https://www.google.com/maps/reviews/data=!4m8!14m7!1m6!2m5!1sChZDSUhNMG9nS0VJQ0FnSUQwb2FTd1dnEAE!2m1!1s0x0:0x8f231e155ff67fe0!3m1!1s2@1:CIHM0ogKEICAgID0oaSwWg%7CCgwImOiU7gUQ8NyOjAI%7C?hl=en","118433130367243370903","30","https://lh3.googleusercontent.com/a/ACg8ocKTld2nfP9eTAcMQEdN9qovpDJjpEVKUf2ao1CODQKRSkffMg=s1920-c-rp-mo-ba4-br100","https://www.google.com/maps/contrib/118433130367243370903?hl=en","44","Direct Detail URL: https://www.google.com/maps/place/Dora+II/@63.440274,10.4135956,16z/data=!4m16!1m9!3m8!1s0x466d310ad1152099:0x8f231e155ff67fe0!2sDora+II!8m2!3d63.440274!4d10.4161705!9m1!1b1!16s%2Fm%2F0641t5_!3m5!1s0x466d310ad1152099:0x8f231e155ff67fe0!8m2!3d63.440274!4d10.4161705!16s%2Fm%2F0641t5_?entry=ttu&g_ep=EgoyMDI1MDIxMC4wIKXMDSoJLDEwMjExMjMzSAFQAw%3D%3D","3",,"Skippergata","false",,,"Dora 2","4.2",,"https://www.google.com/maps/search/?api=1&query=Dora%202&query_place_id=ChIJmSAV0QoxbUYR4H_2XxUeI48",
"Skippergata, 7042 Trondheim, Norway","Historical landmark","Historical place","Tourist attraction","Historical landmark","10314120648761704416","Trondheim","NO","0x466d310ad1152099:0x8f231e155ff67fe0","https://lh5.googleusercontent.com/p/AF1QipPTUrGnFNt0Yy5nT2OD_Dn6ROTEHx-MPueDvm2t=w408-h306-k-no","false","true","0","63.440274","10.4161705","M Eisbär",,"de","false","ChIJmSAV0QoxbUYR4H_2XxUeI48","7042",,"5 years ago","2019-10-29T08:31:23.391Z",,,,,,,"ChZDSUhNMG9nS0VJQ0FnSUQwNHZMVU1REAE",,,,,,,,,,,,,,"Google","https://www.google.com/maps/reviews/data=!4m8!14m7!1m6!2m5!1sChZDSUhNMG9nS0VJQ0FnSUQwNHZMVU1REAE!2m1!1s0x0:0x8f231e155ff67fe0!3m1!1s2@1:CIHM0ogKEICAgID04vLUMQ%7CCgwI2_Hf7QUQoLblugE%7C?hl=en","111871076205488975785","278","https://lh3.googleusercontent.com/a-/ALV-UjXeyvKqUxJ8uZ_HQPSAX4r5S0ls7y-rEsVOO9a7xUFoS1PyH4mR=s1920-c-rp-mo-ba5-br100","https://www.google.com/maps/contrib/111871076205488975785?hl=en","44","Direct Detail URL: https://www.google.com/maps/place/Dora+II/@63.440274,10.4135956,16z/data=!4m16!1m9!3m8!1s0x466d310ad1152099:0x8f231e155ff67fe0!2sDora+II!8m2!3d63.440274!4d10.4161705!9m1!1b1!16s%2Fm%2F0641t5_!3m5!1s0x466d310ad1152099:0x8f231e155ff67fe0!8m2!3d63.440274!4d10.4161705!16s%2Fm%2F0641t5_?entry=ttu&g_ep=EgoyMDI1MDIxMC4wIKXMDSoJLDEwMjExMjMzSAFQAw%3D%3D","5",,"Skippergata","false","Super spannender und historischer Ort. Gut zu Fuß zu erreichen","Super exciting and historical place. Easy to reach on foot","Dora 2","4.2","en","https://www.google.com/maps/search/?api=1&query=Dora%202&query_place_id=ChIJmSAV0QoxbUYR4H_2XxUeI48",
"Skippergata, 7042 Trondheim, Norway","Historical landmark","Historical place","Tourist attraction","Historical landmark","10314120648761704416","Trondheim","NO","0x466d310ad1152099:0x8f231e155ff67fe0","https://lh5.googleusercontent.com/p/AF1QipPTUrGnFNt0Yy5nT2OD_Dn6ROTEHx-MPueDvm2t=w408-h306-k-no","false","true","0","63.440274","10.4161705","Vegar",,,"false","ChIJmSAV0QoxbUYR4H_2XxUeI48","7042",,"5 years ago","2019-09-27T06:13:10.555Z",,,,,,,"ChZDSUhNMG9nS0VJQ0FnSUMwcnVuZlJ3EAE",,,,,,,,,,,,,,"Google","https://www.google.com/maps/reviews/data=!4m8!14m7!1m6!2m5!1sChZDSUhNMG9nS0VJQ0FnSUMwcnVuZlJ3EAE!2m1!1s0x0:0x8f231e155ff67fe0!3m1!1s2@1:CIHM0ogKEICAgIC0runfRw%7CCgwI9tC27AUQiJSDiQI%7C?hl=en","111109230338999308009","67","https://lh3.googleusercontent.com/a-/ALV-UjVdjJrAJP0ML8wppXWGdtYl34r9FpNp5qN7NWSYz0i25wphMDlh7g=s1920-c-rp-mo-ba4-br100","https://www.google.com/maps/contrib/111109230338999308009?hl=en","44","Direct Detail URL: https://www.google.com/maps/place/Dora+II/@63.440274,10.4135956,16z/data=!4m16!1m9!3m8!1s0x466d310ad1152099:0x8f231e155ff67fe0!2sDora+II!8m2!3d63.440274!4d10.4161705!9m1!1b1!16s%2Fm%2F0641t5_!3m5!1s0x466d310ad1152099:0x8f231e155ff67fe0!8m2!3d63.440274!4d10.4161705!16s%2Fm%2F0641t5_?entry=ttu&g_ep=EgoyMDI1MDIxMC4wIKXMDSoJLDEwMjExMjMzSAFQAw%3D%3D","5",,"Skippergata","false",,,"Dora 2","4.2",,"https://www.google.com/maps/search/?api=1&query=Dora%202&query_place_id=ChIJmSAV0QoxbUYR4H_2XxUeI48",
"Skippergata, 7042 Trondheim, Norway","Historical landmark","Historical place","Tourist attraction","Historical landmark","10314120648761704416","Trondheim","NO","0x466d310ad1152099:0x8f231e155ff67fe0","https://lh5.googleusercontent.com/p/AF1QipPTUrGnFNt0Yy5nT2OD_Dn6ROTEHx-MPueDvm2t=w408-h306-k-no","false","true","0","63.440274","10.4161705","Unn Marit Forrestad",,,"false","ChIJmSAV0QoxbUYR4H_2XxUeI48","7042",,"5 years ago","2019-09-21T21:24:09.690Z",,,,,,,"ChdDSUhNMG9nS0VJQ0FnSUMwaXNlSDh3RRAB",,,,,,,,,,,,,,"Google","https://www.google.com/maps/reviews/data=!4m8!14m7!1m6!2m5!1sChdDSUhNMG9nS0VJQ0FnSUMwaXNlSDh3RRAB!2m1!1s0x0:0x8f231e155ff67fe0!3m1!1s2@1:CIHM0ogKEICAgIC0iseH8wE%7CCgwI-ama7AUQuK-FyQI%7C?hl=en","100383250478903334772","19","https://lh3.googleusercontent.com/a-/ALV-UjUm7aEZODsE9P6Kldy0Iwo2lh1uQYu7CobjBMtgIs6WHVrKvwgr=s1920-c-rp-mo-ba4-br100","https://www.google.com/maps/contrib/100383250478903334772?hl=en","44","Direct Detail URL: https://www.google.com/maps/place/Dora+II/@63.440274,10.4135956,16z/data=!4m16!1m9!3m8!1s0x466d310ad1152099:0x8f231e155ff67fe0!2sDora+II!8m2!3d63.440274!4d10.4161705!9m1!1b1!16s%2Fm%2F0641t5_!3m5!1s0x466d310ad1152099:0x8f231e155ff67fe0!8m2!3d63.440274!4d10.4161705!16s%2Fm%2F0641t5_?entry=ttu&g_ep=EgoyMDI1MDIxMC4wIKXMDSoJLDEwMjExMjMzSAFQAw%3D%3D","3",,"Skippergata","false",,,"Dora 2","4.2",,"https://www.google.com/maps/search/?api=1&query=Dora%202&query_place_id=ChIJmSAV0QoxbUYR4H_2XxUeI48",
"Skippergata, 7042 Trondheim, Norway","Historical landmark","Historical place","Tourist attraction","Historical landmark","10314120648761704416","Trondheim","NO","0x466d310ad1152099:0x8f231e155ff67fe0","https://lh5.googleusercontent.com/p/AF1QipPTUrGnFNt0Yy5nT2OD_Dn6ROTEHx-MPueDvm2t=w408-h306-k-no","false","true","0","63.440274","10.4161705","Wim Torfs",,"nl","false","ChIJmSAV0QoxbUYR4H_2XxUeI48","7042",,"5 years ago","2019-09-14T17:07:58.561Z",,,,,,,"ChdDSUhNMG9nS0VJQ0FnSUMwaE5Ea3pnRRAB",,,,,,,,,,,,,,"Google","https://www.google.com/maps/reviews/data=!4m8!14m7!1m6!2m5!1sChdDSUhNMG9nS0VJQ0FnSUMwaE5Ea3pnRRAB!2m1!1s0x0:0x8f231e155ff67fe0!3m1!1s2@1:CIHM0ogKEICAgIC0hNDkzgE%7CCgwI7rz06wUQ6IzyiwI%7C?hl=en","106714360606997032402","447","https://lh3.googleusercontent.com/a-/ALV-UjVhpxMNQ5hwPv4Y-YnyIbTtKwLUhx6aKVAM_KrCK_TcqtwKDRXJFg=s1920-c-rp-mo-ba5-br100","https://www.google.com/maps/contrib/106714360606997032402?hl=en","44","Direct Detail URL: https://www.google.com/maps/place/Dora+II/@63.440274,10.4135956,16z/data=!4m16!1m9!3m8!1s0x466d310ad1152099:0x8f231e155ff67fe0!2sDora+II!8m2!3d63.440274!4d10.4161705!9m1!1b1!16s%2Fm%2F0641t5_!3m5!1s0x466d310ad1152099:0x8f231e155ff67fe0!8m2!3d63.440274!4d10.4161705!16s%2Fm%2F0641t5_?entry=ttu&g_ep=EgoyMDI1MDIxMC4wIKXMDSoJLDEwMjExMjMzSAFQAw%3D%3D","3",,"Skippergata","false","U-boot bunker. Niet te bezoeken. Wel indrukwekkend.","U-boat bunker. Not to be visited. Quite impressive.","Dora 2","4.2","en","https://www.google.com/maps/search/?api=1&query=Dora%202&query_place_id=ChIJmSAV0QoxbUYR4H_2XxUeI48",
"Skippergata, 7042 Trondheim, Norway","Historical landmark","Historical place","Tourist attraction","Historical landmark","10314120648761704416","Trondheim","NO","0x466d310ad1152099:0x8f231e155ff67fe0","https://lh5.googleusercontent.com/p/AF1QipPTUrGnFNt0Yy5nT2OD_Dn6ROTEHx-MPueDvm2t=w408-h306-k-no","false","true","0","63.440274","10.4161705","Javier Vieites",,"es","false","ChIJmSAV0QoxbUYR4H_2XxUeI48","7042",,"5 years ago","2019-09-13T17:17:01.464Z",,,,,,,"ChZDSUhNMG9nS0VJQ0FnSUMwbU5MYUVBEAE",,,,,,,,,,,,,,"Google","https://www.google.com/maps/reviews/data=!4m8!14m7!1m6!2m5!1sChZDSUhNMG9nS0VJQ0FnSUMwbU5MYUVBEAE!2m1!1s0x0:0x8f231e155ff67fe0!3m1!1s2@1:CIHM0ogKEICAgIC0mNLaEA%7CCgwIjZ7v6wUQkOGn3QE%7C?hl=en","103498475473192085496","121","https://lh3.googleusercontent.com/a/ACg8ocII1nOFTp8nxNISmxVMiGC1jJVyD92s6M4Al0y8x5Dbu3vq0w=s1920-c-rp-mo-ba5-br100","https://www.google.com/maps/contrib/103498475473192085496?hl=en","44","Direct Detail URL: https://www.google.com/maps/place/Dora+II/@63.440274,10.4135956,16z/data=!4m16!1m9!3m8!1s0x466d310ad1152099:0x8f231e155ff67fe0!2sDora+II!8m2!3d63.440274!4d10.4161705!9m1!1b1!16s%2Fm%2F0641t5_!3m5!1s0x466d310ad1152099:0x8f231e155ff67fe0!8m2!3d63.440274!4d10.4161705!16s%2Fm%2F0641t5_?entry=ttu&g_ep=EgoyMDI1MDIxMC4wIKXMDSoJLDEwMjExMjMzSAFQAw%3D%3D","4",,"Skippergata","false","Vistas espectaculares de mulkholmend","Spectacular views of mulkholmend","Dora 2","4.2","en","https://www.google.com/maps/search/?api=1&query=Dora%202&query_place_id=ChIJmSAV0QoxbUYR4H_2XxUeI48",
"Skippergata, 7042 Trondheim, Norway","Historical landmark","Historical place","Tourist attraction","Historical landmark","10314120648761704416","Trondheim","NO","0x466d310ad1152099:0x8f231e155ff67fe0","https://lh5.googleusercontent.com/p/AF1QipPTUrGnFNt0Yy5nT2OD_Dn6ROTEHx-MPueDvm2t=w408-h306-k-no","false","true","0","63.440274","10.4161705","Helen Robinson",,"en","false","ChIJmSAV0QoxbUYR4H_2XxUeI48","7042",,"5 years ago","2019-09-13T16:50:58.452Z",,,,,,,"ChdDSUhNMG9nS0VJQ0FnSUMwbUt6WHhRRRAB",,,,,,,,,,,,,,"Google","https://www.google.com/maps/reviews/data=!4m8!14m7!1m6!2m5!1sChdDSUhNMG9nS0VJQ0FnSUMwbUt6WHhRRRAB!2m1!1s0x0:0x8f231e155ff67fe0!3m1!1s2@1:CIHM0ogKEICAgIC0mKzXxQE%7CCgwI8pHv6wUQyNzs1wE%7C?hl=en","102035712376857966793","1106","https://lh3.googleusercontent.com/a-/ALV-UjWiqdqUQznlDIIlGwi4KAycgxgf6gIoAqzUnxDXnoUUPa8Y8M7Z=s1920-c-rp-mo-ba6-br100","https://www.google.com/maps/contrib/102035712376857966793?hl=en","44","Direct Detail URL: https://www.google.com/maps/place/Dora+II/@63.440274,10.4135956,16z/data=!4m16!1m9!3m8!1s0x466d310ad1152099:0x8f231e155ff67fe0!2sDora+II!8m2!3d63.440274!4d10.4161705!9m1!1b1!16s%2Fm%2F0641t5_!3m5!1s0x466d310ad1152099:0x8f231e155ff67fe0!8m2!3d63.440274!4d10.4161705!16s%2Fm%2F0641t5_?entry=ttu&g_ep=EgoyMDI1MDIxMC4wIKXMDSoJLDEwMjExMjMzSAFQAw%3D%3D","3",,"Skippergata","false","Historic U boat hangars. They have been made into industrial units. Nothing to visit as such but interesting to know that they are there.",,"Dora 2","4.2",,"https://www.google.com/maps/search/?api=1&query=Dora%202&query_place_id=ChIJmSAV0QoxbUYR4H_2XxUeI48",
"Skippergata, 7042 Trondheim, Norway","Historical landmark","Historical place","Tourist attraction","Historical landmark","10314120648761704416","Trondheim","NO","0x466d310ad1152099:0x8f231e155ff67fe0","https://lh5.googleusercontent.com/p/AF1QipPTUrGnFNt0Yy5nT2OD_Dn6ROTEHx-MPueDvm2t=w408-h306-k-no","false","true","0","63.440274","10.4161705","Fredrik Jensen",,,"false","ChIJmSAV0QoxbUYR4H_2XxUeI48","7042",,"5 years ago","2019-09-12T14:16:20.777Z",,,,,,,"ChdDSUhNMG9nS0VJQ0FnSUMwaUx5MDJnRRAB",,,,,,,,,,,,,,"Google","https://www.google.com/maps/reviews/data=!4m8!14m7!1m6!2m5!1sChdDSUhNMG9nS0VJQ0FnSUMwaUx5MDJnRRAB!2m1!1s0x0:0x8f231e155ff67fe0!3m1!1s2@1:CIHM0ogKEICAgIC0iLy02gE%7CCgwItKbp6wUQyMDF8gI%7C?hl=en","113426673191504755095","35","https://lh3.googleusercontent.com/a/ACg8ocKiw0vihblPYJr7tr6OsSSUs5yMmQYcxdkVBOGOrduDAdw0WA=s1920-c-rp-mo-ba4-br100","https://www.google.com/maps/contrib/113426673191504755095?hl=en","44","Direct Detail URL: https://www.google.com/maps/place/Dora+II/@63.440274,10.4135956,16z/data=!4m16!1m9!3m8!1s0x466d310ad1152099:0x8f231e155ff67fe0!2sDora+II!8m2!3d63.440274!4d10.4161705!9m1!1b1!16s%2Fm%2F0641t5_!3m5!1s0x466d310ad1152099:0x8f231e155ff67fe0!8m2!3d63.440274!4d10.4161705!16s%2Fm%2F0641t5_?entry=ttu&g_ep=EgoyMDI1MDIxMC4wIKXMDSoJLDEwMjExMjMzSAFQAw%3D%3D","5",,"Skippergata","false",,,"Dora 2","4.2",,"https://www.google.com/maps/search/?api=1&query=Dora%202&query_place_id=ChIJmSAV0QoxbUYR4H_2XxUeI48",
"Skippergata, 7042 Trondheim, Norway","Historical landmark","Historical place","Tourist attraction","Historical landmark","10314120648761704416","Trondheim","NO","0x466d310ad1152099:0x8f231e155ff67fe0","https://lh5.googleusercontent.com/p/AF1QipPTUrGnFNt0Yy5nT2OD_Dn6ROTEHx-MPueDvm2t=w408-h306-k-no","false","true","0","63.440274","10.4161705","Maciej Suszynski",,,"false","ChIJmSAV0QoxbUYR4H_2XxUeI48","7042",,"5 years ago","2019-09-01T16:16:27.580Z",,,,,,,"ChdDSUhNMG9nS0VJQ0FnSURVdll6UDVRRRAB",,,,,,,,,,,,,,"Google","https://www.google.com/maps/reviews/data=!4m8!14m7!1m6!2m5!1sChdDSUhNMG9nS0VJQ0FnSURVdll6UDVRRRAB!2m1!1s0x0:0x8f231e155ff67fe0!3m1!1s2@1:CIHM0ogKEICAgIDUvYzP5QE%7CCgwI292v6wUQ4IX2lAI%7C?hl=en","108734892218600377519","210","https://lh3.googleusercontent.com/a/ACg8ocLtrcMHEcaUUcOedCJpBgVEH0FxRAofhDh2EXHdYoBioGO6iQ=s1920-c-rp-mo-ba5-br100","https://www.google.com/maps/contrib/108734892218600377519?hl=en","44","Direct Detail URL: https://www.google.com/maps/place/Dora+II/@63.440274,10.4135956,16z/data=!4m16!1m9!3m8!1s0x466d310ad1152099:0x8f231e155ff67fe0!2sDora+II!8m2!3d63.440274!4d10.4161705!9m1!1b1!16s%2Fm%2F0641t5_!3m5!1s0x466d310ad1152099:0x8f231e155ff67fe0!8m2!3d63.440274!4d10.4161705!16s%2Fm%2F0641t5_?entry=ttu&g_ep=EgoyMDI1MDIxMC4wIKXMDSoJLDEwMjExMjMzSAFQAw%3D%3D","4",,"Skippergata","false",,,"Dora 2","4.2",,"https://www.google.com/maps/search/?api=1&query=Dora%202&query_place_id=ChIJmSAV0QoxbUYR4H_2XxUeI48",
"Skippergata, 7042 Trondheim, Norway","Historical landmark","Historical place","Tourist attraction","Historical landmark","10314120648761704416","Trondheim","NO","0x466d310ad1152099:0x8f231e155ff67fe0","https://lh5.googleusercontent.com/p/AF1QipPTUrGnFNt0Yy5nT2OD_Dn6ROTEHx-MPueDvm2t=w408-h306-k-no","false","true","0","63.440274","10.4161705","Henning Thuseth",,,"false","ChIJmSAV0QoxbUYR4H_2XxUeI48","7042",,"5 years ago","2019-09-01T08:21:21.559Z",,,,,,,"ChdDSUhNMG9nS0VJQ0FnSURVbmY3ay1RRRAB",,,,,,,,,,,,,,"Google","https://www.google.com/maps/reviews/data=!4m8!14m7!1m6!2m5!1sChdDSUhNMG9nS0VJQ0FnSURVbmY3ay1RRRAB!2m1!1s0x0:0x8f231e155ff67fe0!3m1!1s2@1:CIHM0ogKEICAgIDUnf7k-QE%7CCgwIgf-t6wUQyJ3ligI%7C?hl=en","111364163310156914648","309","https://lh3.googleusercontent.com/a-/ALV-UjUhdsOtRi1YPv8GhiNN-JubmmRadal0DLME8nFkOht3GtywM9Oj=s1920-c-rp-mo-ba4-br100","https://www.google.com/maps/contrib/111364163310156914648?hl=en","44","Direct Detail URL: https://www.google.com/maps/place/Dora+II/@63.440274,10.4135956,16z/data=!4m16!1m9!3m8!1s0x466d310ad1152099:0x8f231e155ff67fe0!2sDora+II!8m2!3d63.440274!4d10.4161705!9m1!1b1!16s%2Fm%2F0641t5_!3m5!1s0x466d310ad1152099:0x8f231e155ff67fe0!8m2!3d63.440274!4d10.4161705!16s%2Fm%2F0641t5_?entry=ttu&g_ep=EgoyMDI1MDIxMC4wIKXMDSoJLDEwMjExMjMzSAFQAw%3D%3D","4",,"Skippergata","false",,,"Dora 2","4.2",,"https://www.google.com/maps/search/?api=1&query=Dora%202&query_place_id=ChIJmSAV0QoxbUYR4H_2XxUeI48",
"Skippergata, 7042 Trondheim, Norway","Historical landmark","Historical place","Tourist attraction","Historical landmark","10314120648761704416","Trondheim","NO","0x466d310ad1152099:0x8f231e155ff67fe0","https://lh5.googleusercontent.com/p/AF1QipPTUrGnFNt0Yy5nT2OD_Dn6ROTEHx-MPueDvm2t=w408-h306-k-no","false","true","0","63.440274","10.4161705","Paul Onderwater",,"en","false","ChIJmSAV0QoxbUYR4H_2XxUeI48","7042",,"5 years ago","2019-08-19T18:35:48.603Z",,,,,,,"ChdDSUhNMG9nS0VJQ0FnSURVaXFmdzVnRRAB","https://lh3.googleusercontent.com/geougc-cs/AIHozJKCt__cgCPgld_x3JVq3-Hi9t-L-OB0_ja4WXMOSgwc-7c7dwELwpDqd1Hz8xRSXvIXVEcI72Ao7lzv-cHXTPdgebw4UPxkVIu_BQeAndF7U66wZU9xdRhqQsb5r-Nq_hpDG5P5","https://lh3.googleusercontent.com/geougc-cs/AIHozJLro7q8VolMYWarqrkxQVPyjqpVeKaxbTt1PjyxjlnBlmefXXnzfqiqAWJXccBoIiMe38jnh22n_bSPCfPbW5Ra1VJlCRWtPvqbmrSMpVp7L0sqlRMljF_leEb4UxlFkaTwVR1Wyg","https://lh3.googleusercontent.com/geougc-cs/AIHozJIdG9mEY4Opzv_oCrys5IWp7g0wWhL3OGTKlgca7Avg1AirB4vKXQdQ9hW3BOepObysSgA6w_SCvhw6L0eRQjl0dsOsly78X-1eKU0-rewgOveJQzBQgsHD5diYv4OtXQCL9rbY",,,,,,,,,,,"Google","https://www.google.com/maps/reviews/data=!4m8!14m7!1m6!2m5!1sChdDSUhNMG9nS0VJQ0FnSURVaXFmdzVnRRAB!2m1!1s0x0:0x8f231e155ff67fe0!3m1!1s2@1:CIHM0ogKEICAgIDUiqfw5gE%7CCgwIhNjr6gUQyLbxnwI%7C?hl=en","101512740424247107421","303","https://lh3.googleusercontent.com/a/ACg8ocLMCCjq6DAoNHXFqlaPCo1MP4YQbNkrezRfAOw2JDt-iYTckw=s1920-c-rp-mo-ba5-br100","https://www.google.com/maps/contrib/101512740424247107421?hl=en","44","Direct Detail URL: https://www.google.com/maps/place/Dora+II/@63.440274,10.4135956,16z/data=!4m16!1m9!3m8!1s0x466d310ad1152099:0x8f231e155ff67fe0!2sDora+II!8m2!3d63.440274!4d10.4161705!9m1!1b1!16s%2Fm%2F0641t5_!3m5!1s0x466d310ad1152099:0x8f231e155ff67fe0!8m2!3d63.440274!4d10.4161705!16s%2Fm%2F0641t5_?entry=ttu&g_ep=EgoyMDI1MDIxMC4wIKXMDSoJLDEwMjExMjMzSAFQAw%3D%3D","4",,"Skippergata","false","A piece of history to remember World War 2 and how Norway was occupied by the Germans for use as a base of military operations.
Take the time to read up on what Dora 1 and 2 were built for, who built it and what it was used for.  On it's own, it is just a lot of concrete.  With context it is very significant.",,"Dora 2","4.2",,"https://www.google.com/maps/search/?api=1&query=Dora%202&query_place_id=ChIJmSAV0QoxbUYR4H_2XxUeI48",
"Skippergata, 7042 Trondheim, Norway","Historical landmark","Historical place","Tourist attraction","Historical landmark","10314120648761704416","Trondheim","NO","0x466d310ad1152099:0x8f231e155ff67fe0","https://lh5.googleusercontent.com/p/AF1QipPTUrGnFNt0Yy5nT2OD_Dn6ROTEHx-MPueDvm2t=w408-h306-k-no","false","true","0","63.440274","10.4161705","Aaron Sørensen Utstrand",,,"false","ChIJmSAV0QoxbUYR4H_2XxUeI48","7042",,"5 years ago","2019-08-10T19:46:47.973Z",,,,,,,"ChZDSUhNMG9nS0VJQ0FnSURVd09teU9REAE",,,,,,,,,,,,,,"Google","https://www.google.com/maps/reviews/data=!4m8!14m7!1m6!2m5!1sChZDSUhNMG9nS0VJQ0FnSURVd09teU9REAE!2m1!1s0x0:0x8f231e155ff67fe0!3m1!1s2@1:CIHM0ogKEICAgIDUwOmyOQ%7CCgwIp7686gUQkIOI0AM%7C?hl=en","106123168878709681382","6","https://lh3.googleusercontent.com/a-/ALV-UjW50fUTlTNMonphDFKMnflk9PCSxB_W4kp-8YKu2G5NxbKvP9yeKQ=s1920-c-rp-mo-ba4-br100","https://www.google.com/maps/contrib/106123168878709681382?hl=en","44","Direct Detail URL: https://www.google.com/maps/place/Dora+II/@63.440274,10.4135956,16z/data=!4m16!1m9!3m8!1s0x466d310ad1152099:0x8f231e155ff67fe0!2sDora+II!8m2!3d63.440274!4d10.4161705!9m1!1b1!16s%2Fm%2F0641t5_!3m5!1s0x466d310ad1152099:0x8f231e155ff67fe0!8m2!3d63.440274!4d10.4161705!16s%2Fm%2F0641t5_?entry=ttu&g_ep=EgoyMDI1MDIxMC4wIKXMDSoJLDEwMjExMjMzSAFQAw%3D%3D","5",,"Skippergata","false",,,"Dora 2","4.2",,"https://www.google.com/maps/search/?api=1&query=Dora%202&query_place_id=ChIJmSAV0QoxbUYR4H_2XxUeI48",
"Skippergata, 7042 Trondheim, Norway","Historical landmark","Historical place","Tourist attraction","Historical landmark","10314120648761704416","Trondheim","NO","0x466d310ad1152099:0x8f231e155ff67fe0","https://lh5.googleusercontent.com/p/AF1QipPTUrGnFNt0Yy5nT2OD_Dn6ROTEHx-MPueDvm2t=w408-h306-k-no","false","true","0","63.440274","10.4161705","Константин Павлов",,"ru","false","ChIJmSAV0QoxbUYR4H_2XxUeI48","7042",,"5 years ago","2019-08-09T18:46:52.498Z",,,,,,,"ChZDSUhNMG9nS0VJQ0FnSUNVbjVhdUxREAE","https://lh3.googleusercontent.com/geougc-cs/AIHozJJOEOyZ-AYb4bgavDjEwo325N3g7tDA--zMv0oNHJlxexkn51MMUhRzZ0zqbvm9cPCGaOxdP7RD-sgybpb1rS1QPSirnRlF9CLy1owhgIW3dwRJg0f9dY7cIl70fy7-miVv2PUYTw","https://lh3.googleusercontent.com/geougc-cs/AIHozJJkxOKV7_IpPe-JVSxv5-tu6DYHd-ydNOUVJn2zAsNPTfCkkpfpOknitoXq-h-uXysI6jmJ68yGwAsreKltPjFhd8hfBgdRA2geIWQw-B3fe-qk1ekop9poNpTctXfohQLVP_v6","https://lh3.googleusercontent.com/geougc-cs/AIHozJIKxWniskO7myappbe623t7Jqb1UpLGlXusoDk1jft_VWmawEDoM-QuVdpd2xEO1wUJcnBNw9fDsuocIX9hBPkAdBhcGHCUGps_m4qBIofRsWy3bTtP9hfYHugQFcUNRD5l5oYTAw","https://lh3.googleusercontent.com/geougc-cs/AIHozJJSOlgY2Gn9Xuc0LK4bvGsEZ5THD0ryA6-lit5RTm4tBQCAO7TSdBPgvO9JI2nlueXPu-5Lvh8zQoXnjdWUnc-xkSILM5UIFjYSfEEJadGPKK_umxB9qRtHV4s2kdZxStt_ULYa","https://lh3.googleusercontent.com/geougc-cs/AIHozJIEcYpTG1aGLKLThxxQY8D6-u9jUkP21hQ4gkkErC3yVG8PerNmIDY3bhs4P9jnucIzYYidvnySwcLQgNqgBLyPJo5LwMPH42mRz5oimCa2iqwNYvEmYb7qj37xrXkh6mejQgYDLg","https://lh3.googleusercontent.com/geougc-cs/AIHozJK6IAfCF_xV29kBqfparcq3QkAmTgTlDDznk-YTj-pEigjk7N54QVpwztRU8rna5IQgZnIB-iIBBf-8Zc2aJdB6EEPjvXIW91cG4RGL1llyAbYXF-SkkQbIuWflIWaEb7eA0X2P","https://lh3.googleusercontent.com/geougc-cs/AIHozJKd9py9dL6W5-wapslKAgRAchASGeC8QzPcG00o28LIC83SzmBlG9XMA4_NQMt1wp9zXO-yAu0xX8MPaFjwKsezijCoWEn8b0CZxdHKZYAwnekePpjto_TORdbM5WdbjXC3jXb-_g","https://lh3.googleusercontent.com/geougc-cs/AIHozJL834guxeKyXfE0GgBmlNm7IrGblkxm3UpGB0g1NZu5L1lkeifpkT8vcV38LdjiNoaoUieOcrVmwIUUBfZ001_YKTDfruJpGpSKIoMgIqIq1ejbDMFilTqlhhqq62q86RVxbyvF","https://lh3.googleusercontent.com/geougc-cs/AIHozJJziRpzkQ1QwTjpQ3yGgCga-bmAggu7Sgetgy4SspuW-4-wFrlX0eIost7JnGidZJvCo_IyH5bPRTYqpCelQ7IHH66VxJjQ1OBRzL1IQQLKdcGVvahxj36m2dWxgsdZRQ_pNySHVw","https://lh3.googleusercontent.com/geougc-cs/AIHozJLIFTKs9cdJC_vH0XeMqoLBkLx2Ic339O_X-X4rvMCVOdG_ISgjJ2yQERz1NNIQBnml-hYAqPpmrfgexiJm5yOsVe_SWUM9WqGDIqS0wH8Y-5fryC5RfTc6MkDD_TD7uTgIw6on","https://lh3.googleusercontent.com/geougc-cs/AIHozJJfOQ1AqRMyaVfzGj9QSRFdaI17n1_Dk_wZsBne0Gy9Hum_qar3n98PXv2-SyFF40e_eEsMDNAGV5bX6eZ4Kr4tJtQ4KqboK5zKGSMwhD2BgOKwF9661C76VefHrwFoUwjDheh_","https://lh3.googleusercontent.com/geougc-cs/AIHozJK8cVPVs6IP_KXOMkk0PrhP7BNBAdfZzbqmXrwMoQY6_RiAJWrVWodos7ueeNogqFHZ6m7c6-j63r1krzD-f96ERs2jnovlR2UcT6JqBfHKhrubdzzmpsUdxm0pNVDAuNQoam8C","https://lh3.googleusercontent.com/geougc-cs/AIHozJIlWgey1itETPQza4WAeL8e56kqZFqu8iotB5yxXiFZsLr7XtBlEwqITKixkR0NMmmaWTo_vA1FEbNQ8S8CDH4KQpbe7-8ZhY7hNlYbQp2CR49ck3r8X9fkgEMiM_3cUXyspMIJ1g","Google","https://www.google.com/maps/reviews/data=!4m8!14m7!1m6!2m5!1sChZDSUhNMG9nS0VJQ0FnSUNVbjVhdUxREAE!2m1!1s0x0:0x8f231e155ff67fe0!3m1!1s2@1:CIHM0ogKEICAgICUn5auLQ%7CCgwInP-26gUQ-IDt7QE%7C?hl=en","112841011695402062868","225","https://lh3.googleusercontent.com/a/ACg8ocL-RbUPEID1n-cKlUBf814UCtZgIPbrqCOZNoo7vc86OsaTtg=s1920-c-rp-mo-ba5-br100","https://www.google.com/maps/contrib/112841011695402062868?hl=en","44","Direct Detail URL: https://www.google.com/maps/place/Dora+II/@63.440274,10.4135956,16z/data=!4m16!1m9!3m8!1s0x466d310ad1152099:0x8f231e155ff67fe0!2sDora+II!8m2!3d63.440274!4d10.4161705!9m1!1b1!16s%2Fm%2F0641t5_!3m5!1s0x466d310ad1152099:0x8f231e155ff67fe0!8m2!3d63.440274!4d10.4161705!16s%2Fm%2F0641t5_?entry=ttu&g_ep=EgoyMDI1MDIxMC4wIKXMDSoJLDEwMjExMjMzSAFQAw%3D%3D","5",,"Skippergata","false","Бункер для ремонта и хронения подводных лодок Третьего рейха, от сюда подводные лодки уходили охотится на конвои Союзников и Советские конвои. Монументально строение.","A bunker for the repair and storage of submarines of the Third Reich, from here submarines left to hunt Allied and Soviet convoys. The building is monumental.","Dora 2","4.2","en","https://www.google.com/maps/search/?api=1&query=Dora%202&query_place_id=ChIJmSAV0QoxbUYR4H_2XxUeI48",
"Skippergata, 7042 Trondheim, Norway","Historical landmark","Historical place","Tourist attraction","Historical landmark","10314120648761704416","Trondheim","NO","0x466d310ad1152099:0x8f231e155ff67fe0","https://lh5.googleusercontent.com/p/AF1QipPTUrGnFNt0Yy5nT2OD_Dn6ROTEHx-MPueDvm2t=w408-h306-k-no","false","false","0","63.440274","10.4161705","Joyce Charlton",,,"false","ChIJmSAV0QoxbUYR4H_2XxUeI48","7042",,"5 years ago","2019-07-22T19:53:35.604Z",,,,,,,"ChdDSUhNMG9nS0VJQ0FnSUNVMG9uWGtRRRAB",,,,,,,,,,,,,,"Google","https://www.google.com/maps/reviews/data=!4m8!14m7!1m6!2m5!1sChdDSUhNMG9nS0VJQ0FnSUNVMG9uWGtRRRAB!2m1!1s0x0:0x8f231e155ff67fe0!3m1!1s2@1:CIHM0ogKEICAgICU0onXkQE%7CCgwIv6jY6QUQoMWooAI%7C?hl=en","101624805750638178104","1","https://lh3.googleusercontent.com/a-/ALV-UjUfBoh6RKQbiBqiYsXUP7WSVxH1UQAU6c_ScXkJgI0Hn7fB6PU=s1920-c-rp-mo-br100","https://www.google.com/maps/contrib/101624805750638178104?hl=en","44","Direct Detail URL: https://www.google.com/maps/place/Dora+II/@63.440274,10.4135956,16z/data=!4m16!1m9!3m8!1s0x466d310ad1152099:0x8f231e155ff67fe0!2sDora+II!8m2!3d63.440274!4d10.4161705!9m1!1b1!16s%2Fm%2F0641t5_!3m5!1s0x466d310ad1152099:0x8f231e155ff67fe0!8m2!3d63.440274!4d10.4161705!16s%2Fm%2F0641t5_?entry=ttu&g_ep=EgoyMDI1MDIxMC4wIKXMDSoJLDEwMjExMjMzSAFQAw%3D%3D","4",,"Skippergata","false",,,"Dora 2","4.2",,"https://www.google.com/maps/search/?api=1&query=Dora%202&query_place_id=ChIJmSAV0QoxbUYR4H_2XxUeI48",
"Skippergata, 7042 Trondheim, Norway","Historical landmark","Historical place","Tourist attraction","Historical landmark","10314120648761704416","Trondheim","NO","0x466d310ad1152099:0x8f231e155ff67fe0","https://lh5.googleusercontent.com/p/AF1QipPTUrGnFNt0Yy5nT2OD_Dn6ROTEHx-MPueDvm2t=w408-h306-k-no","false","true","0","63.440274","10.4161705","젊은꼰대",,"ko","false","ChIJmSAV0QoxbUYR4H_2XxUeI48","7042",,"5 years ago","2019-07-19T11:33:43.718Z",,,,,,,"ChdDSUhNMG9nS0VJQ0FnSUNVOUxUM2xnRRAB",,,,,,,,,,,,,,"Google","https://www.google.com/maps/reviews/data=!4m8!14m7!1m6!2m5!1sChdDSUhNMG9nS0VJQ0FnSUNVOUxUM2xnRRAB!2m1!1s0x0:0x8f231e155ff67fe0!3m1!1s2@1:CIHM0ogKEICAgICU9LT3lgE%7CCgwIl9XG6QUQ-IXU1gI%7C?hl=en","105338715944390828201","1206","https://lh3.googleusercontent.com/a-/ALV-UjUdwhdFSAcswMAr23_f-lgiNaaHVkP66GuD2kX_AAEwUNraauAe9g=s1920-c-rp-mo-ba6-br100","https://www.google.com/maps/contrib/105338715944390828201?hl=en","44","Direct Detail URL: https://www.google.com/maps/place/Dora+II/@63.440274,10.4135956,16z/data=!4m16!1m9!3m8!1s0x466d310ad1152099:0x8f231e155ff67fe0!2sDora+II!8m2!3d63.440274!4d10.4161705!9m1!1b1!16s%2Fm%2F0641t5_!3m5!1s0x466d310ad1152099:0x8f231e155ff67fe0!8m2!3d63.440274!4d10.4161705!16s%2Fm%2F0641t5_?entry=ttu&g_ep=EgoyMDI1MDIxMC4wIKXMDSoJLDEwMjExMjMzSAFQAw%3D%3D","3",,"Skippergata","false","불타버린건가","Did it burn down?","Dora 2","4.2","en","https://www.google.com/maps/search/?api=1&query=Dora%202&query_place_id=ChIJmSAV0QoxbUYR4H_2XxUeI48",
"Skippergata, 7042 Trondheim, Norway","Historical landmark","Historical place","Tourist attraction","Historical landmark","10314120648761704416","Trondheim","NO","0x466d310ad1152099:0x8f231e155ff67fe0","https://lh5.googleusercontent.com/p/AF1QipPTUrGnFNt0Yy5nT2OD_Dn6ROTEHx-MPueDvm2t=w408-h306-k-no","false","true","0","63.440274","10.4161705","Andrea Stetkovac",,,"false","ChIJmSAV0QoxbUYR4H_2XxUeI48","7042",,"5 years ago","2019-07-01T17:07:23.873Z",,,,,,,"ChdDSUhNMG9nS0VJQ0FnSURraGR2YjRBRRAB",,,,,,,,,,,,,,"Google","https://www.google.com/maps/reviews/data=!4m8!14m7!1m6!2m5!1sChdDSUhNMG9nS0VJQ0FnSURraGR2YjRBRRAB!2m1!1s0x0:0x8f231e155ff67fe0!3m1!1s2@1:CIHM0ogKEICAgIDkhdvb4AE%7CCgwIy_vo6AUQiJ2voAM%7C?hl=en","101086139633866035361","34","https://lh3.googleusercontent.com/a-/ALV-UjXVQB8ReFiFkLARvscSgezypLwdwB4t8PQrnw9xXt0uzYkXzWba=s1920-c-rp-mo-ba3-br100","https://www.google.com/maps/contrib/101086139633866035361?hl=en","44","Direct Detail URL: https://www.google.com/maps/place/Dora+II/@63.440274,10.4135956,16z/data=!4m16!1m9!3m8!1s0x466d310ad1152099:0x8f231e155ff67fe0!2sDora+II!8m2!3d63.440274!4d10.4161705!9m1!1b1!16s%2Fm%2F0641t5_!3m5!1s0x466d310ad1152099:0x8f231e155ff67fe0!8m2!3d63.440274!4d10.4161705!16s%2Fm%2F0641t5_?entry=ttu&g_ep=EgoyMDI1MDIxMC4wIKXMDSoJLDEwMjExMjMzSAFQAw%3D%3D","5",,"Skippergata","false",,,"Dora 2","4.2",,"https://www.google.com/maps/search/?api=1&query=Dora%202&query_place_id=ChIJmSAV0QoxbUYR4H_2XxUeI48",
"Skippergata, 7042 Trondheim, Norway","Historical landmark","Historical place","Tourist attraction","Historical landmark","10314120648761704416","Trondheim","NO","0x466d310ad1152099:0x8f231e155ff67fe0","https://lh5.googleusercontent.com/p/AF1QipPTUrGnFNt0Yy5nT2OD_Dn6ROTEHx-MPueDvm2t=w408-h306-k-no","false","true","0","63.440274","10.4161705","Terje Langlete",,"no","false","ChIJmSAV0QoxbUYR4H_2XxUeI48","7042",,"5 years ago","2019-06-27T15:32:52.779Z",,,,,,,"ChZDSUhNMG9nS0VJQ0FnSURrd1lybWZBEAE",,,,,,,,,,,,,,"Google","https://www.google.com/maps/reviews/data=!4m8!14m7!1m6!2m5!1sChZDSUhNMG9nS0VJQ0FnSURrd1lybWZBEAE!2m1!1s0x0:0x8f231e155ff67fe0!3m1!1s2@1:CIHM0ogKEICAgIDkwYrmfA%7CCgwIpMPT6AUQ4M_k8wI%7C?hl=en","105244156318332125360","188","https://lh3.googleusercontent.com/a-/ALV-UjWuK0R2ptHWa00fqJn_SnTzZc8izTuHUmfbLHds9XHofzOLg9X1=s1920-c-rp-mo-ba4-br100","https://www.google.com/maps/contrib/105244156318332125360?hl=en","44","Direct Detail URL: https://www.google.com/maps/place/Dora+II/@63.440274,10.4135956,16z/data=!4m16!1m9!3m8!1s0x466d310ad1152099:0x8f231e155ff67fe0!2sDora+II!8m2!3d63.440274!4d10.4161705!9m1!1b1!16s%2Fm%2F0641t5_!3m5!1s0x466d310ad1152099:0x8f231e155ff67fe0!8m2!3d63.440274!4d10.4161705!16s%2Fm%2F0641t5_?entry=ttu&g_ep=EgoyMDI1MDIxMC4wIKXMDSoJLDEwMjExMjMzSAFQAw%3D%3D","5",,"Skippergata","false","Jeg elsker dette stedet da Selfa båtbyggeri er der og de skiftet ut min gamle frontrute på min båt som er buet og ingen andre innen glass/ Lexan i Trondheims regionen kunne hjelpe meg. Tommel opp for Selfa båtbyggeri og deres ansatte mwd mange tiårs med erfaring og kunnskap. Atter en gang takk til dere og for et utmerket utført arbeide.","I love this place as Selfa båtbyggeri is there and they replaced my old windshield on my boat which is curved and no one else in glass/Lexan in the Trondheim region could help me. Thumbs up for Selfa båtbygeri and their employees with many decades of experience and knowledge. Once again, thank you for a job well done.","Dora 2","4.2","en","https://www.google.com/maps/search/?api=1&query=Dora%202&query_place_id=ChIJmSAV0QoxbUYR4H_2XxUeI48",
"Skippergata, 7042 Trondheim, Norway","Historical landmark","Historical place","Tourist attraction","Historical landmark","10314120648761704416","Trondheim","NO","0x466d310ad1152099:0x8f231e155ff67fe0","https://lh5.googleusercontent.com/p/AF1QipPTUrGnFNt0Yy5nT2OD_Dn6ROTEHx-MPueDvm2t=w408-h306-k-no","false","false","0","63.440274","10.4161705","Jarl Åge Hammern",,,"false","ChIJmSAV0QoxbUYR4H_2XxUeI48","7042",,"5 years ago","2019-06-20T21:50:56.160Z",,,,,,,"ChZDSUhNMG9nS0VJQ0FnSURFei1tUE13EAE",,,,,,,,,,,,,,"Google","https://www.google.com/maps/reviews/data=!4m8!14m7!1m6!2m5!1sChZDSUhNMG9nS0VJQ0FnSURFei1tUE13EAE!2m1!1s0x0:0x8f231e155ff67fe0!3m1!1s2@1:CIHM0ogKEICAgIDEz-mPMw%7CCgsIwP-v6AUQuNKsTA%7C?hl=en","117534517238002185823","4","https://lh3.googleusercontent.com/a/ACg8ocL8HBgDq6zrPihbeQ52XV3Rac_DHYE0FDbQVW5Rv2P3VWdPXw=s1920-c-rp-mo-br100","https://www.google.com/maps/contrib/117534517238002185823?hl=en","44","Direct Detail URL: https://www.google.com/maps/place/Dora+II/@63.440274,10.4135956,16z/data=!4m16!1m9!3m8!1s0x466d310ad1152099:0x8f231e155ff67fe0!2sDora+II!8m2!3d63.440274!4d10.4161705!9m1!1b1!16s%2Fm%2F0641t5_!3m5!1s0x466d310ad1152099:0x8f231e155ff67fe0!8m2!3d63.440274!4d10.4161705!16s%2Fm%2F0641t5_?entry=ttu&g_ep=EgoyMDI1MDIxMC4wIKXMDSoJLDEwMjExMjMzSAFQAw%3D%3D","3",,"Skippergata","false",,,"Dora 2","4.2",,"https://www.google.com/maps/search/?api=1&query=Dora%202&query_place_id=ChIJmSAV0QoxbUYR4H_2XxUeI48",
"Skippergata, 7042 Trondheim, Norway","Historical landmark","Historical place","Tourist attraction","Historical landmark","10314120648761704416","Trondheim","NO","0x466d310ad1152099:0x8f231e155ff67fe0","https://lh5.googleusercontent.com/p/AF1QipPTUrGnFNt0Yy5nT2OD_Dn6ROTEHx-MPueDvm2t=w408-h306-k-no","false","true","0","63.440274","10.4161705","Bjarne Salvesen",,,"false","ChIJmSAV0QoxbUYR4H_2XxUeI48","7042",,"5 years ago","2019-06-20T18:11:15.939Z",,,,,,,"ChdDSUhNMG9nS0VJQ0FnSURFLThtcGlBRRAB",,,,,,,,,,,,,,"Google","https://www.google.com/maps/reviews/data=!4m8!14m7!1m6!2m5!1sChdDSUhNMG9nS0VJQ0FnSURFLThtcGlBRRAB!2m1!1s0x0:0x8f231e155ff67fe0!3m1!1s2@1:CIHM0ogKEICAgIDE-8mpiAE%7CCgwIw5iv6AUQwN3rvwM%7C?hl=en","101644682848083792461","106","https://lh3.googleusercontent.com/a-/ALV-UjVmaa2DT2T13jf67HFxawmsRZsTrAX3O-RfV8eN05vGz2hhc1fq=s1920-c-rp-mo-ba5-br100","https://www.google.com/maps/contrib/101644682848083792461?hl=en","44","Direct Detail URL: https://www.google.com/maps/place/Dora+II/@63.440274,10.4135956,16z/data=!4m16!1m9!3m8!1s0x466d310ad1152099:0x8f231e155ff67fe0!2sDora+II!8m2!3d63.440274!4d10.4161705!9m1!1b1!16s%2Fm%2F0641t5_!3m5!1s0x466d310ad1152099:0x8f231e155ff67fe0!8m2!3d63.440274!4d10.4161705!16s%2Fm%2F0641t5_?entry=ttu&g_ep=EgoyMDI1MDIxMC4wIKXMDSoJLDEwMjExMjMzSAFQAw%3D%3D","2",,"Skippergata","false",,,"Dora 2","4.2",,"https://www.google.com/maps/search/?api=1&query=Dora%202&query_place_id=ChIJmSAV0QoxbUYR4H_2XxUeI48",
"Skippergata, 7042 Trondheim, Norway","Historical landmark","Historical place","Tourist attraction","Historical landmark","10314120648761704416","Trondheim","NO","0x466d310ad1152099:0x8f231e155ff67fe0","https://lh5.googleusercontent.com/p/AF1QipPTUrGnFNt0Yy5nT2OD_Dn6ROTEHx-MPueDvm2t=w408-h306-k-no","false","true","0","63.440274","10.4161705","david webber",,"en","false","ChIJmSAV0QoxbUYR4H_2XxUeI48","7042",,"5 years ago","2019-05-28T03:12:53.546Z",,,,,,,"ChdDSUhNMG9nS0VJQ0FnSURZcjRldjh3RRAB",,,,,,,,,,,,,,"Google","https://www.google.com/maps/reviews/data=!4m8!14m7!1m6!2m5!1sChdDSUhNMG9nS0VJQ0FnSURZcjRldjh3RRAB!2m1!1s0x0:0x8f231e155ff67fe0!3m1!1s2@1:CIHM0ogKEICAgIDYr4ev8wE%7CCgwItc6y5wUQwMuxhAI%7C?hl=en","101327781635712801390","173","https://lh3.googleusercontent.com/a-/ALV-UjXasmoMnKbCHt8ZdrpodAq8sqIK4kGpBVxNlh6hDKZmuW6jInYnCQ=s1920-c-rp-mo-ba5-br100","https://www.google.com/maps/contrib/101327781635712801390?hl=en","44","Direct Detail URL: https://www.google.com/maps/place/Dora+II/@63.440274,10.4135956,16z/data=!4m16!1m9!3m8!1s0x466d310ad1152099:0x8f231e155ff67fe0!2sDora+II!8m2!3d63.440274!4d10.4161705!9m1!1b1!16s%2Fm%2F0641t5_!3m5!1s0x466d310ad1152099:0x8f231e155ff67fe0!8m2!3d63.440274!4d10.4161705!16s%2Fm%2F0641t5_?entry=ttu&g_ep=EgoyMDI1MDIxMC4wIKXMDSoJLDEwMjExMjMzSAFQAw%3D%3D","5",,"Skippergata","false","Amazing piece of dark history",,"Dora 2","4.2",,"https://www.google.com/maps/search/?api=1&query=Dora%202&query_place_id=ChIJmSAV0QoxbUYR4H_2XxUeI48",
"Skippergata, 7042 Trondheim, Norway","Historical landmark","Historical place","Tourist attraction","Historical landmark","10314120648761704416","Trondheim","NO","0x466d310ad1152099:0x8f231e155ff67fe0","https://lh5.googleusercontent.com/p/AF1QipPTUrGnFNt0Yy5nT2OD_Dn6ROTEHx-MPueDvm2t=w408-h306-k-no","false","false","0","63.440274","10.4161705","Jørgen Neegård",,,"false","ChIJmSAV0QoxbUYR4H_2XxUeI48","7042",,"5 years ago","2019-04-11T19:33:33.671Z",,,,,,,"ChdDSUhNMG9nS0VJQ0FnSUNZLXRTNTRRRRAB",,,,,,,,,,,,,,"Google","https://www.google.com/maps/reviews/data=!4m8!14m7!1m6!2m5!1sChdDSUhNMG9nS0VJQ0FnSUNZLXRTNTRRRRAB!2m1!1s0x0:0x8f231e155ff67fe0!3m1!1s2@1:CIHM0ogKEICAgICY-tS54QE%7CCgwIja2-5QUQ-MGFwAI%7C?hl=en","109822230010044211114","15","https://lh3.googleusercontent.com/a/ACg8ocIDnsFmAnroXnSGLXYIGQm0tnyebIZ6PHlX0uEyhYk_ZuhC9w=s1920-c-rp-mo-br100","https://www.google.com/maps/contrib/109822230010044211114?hl=en","44","Direct Detail URL: https://www.google.com/maps/place/Dora+II/@63.440274,10.4135956,16z/data=!4m16!1m9!3m8!1s0x466d310ad1152099:0x8f231e155ff67fe0!2sDora+II!8m2!3d63.440274!4d10.4161705!9m1!1b1!16s%2Fm%2F0641t5_!3m5!1s0x466d310ad1152099:0x8f231e155ff67fe0!8m2!3d63.440274!4d10.4161705!16s%2Fm%2F0641t5_?entry=ttu&g_ep=EgoyMDI1MDIxMC4wIKXMDSoJLDEwMjExMjMzSAFQAw%3D%3D","3",,"Skippergata","false",,,"Dora 2","4.2",,"https://www.google.com/maps/search/?api=1&query=Dora%202&query_place_id=ChIJmSAV0QoxbUYR4H_2XxUeI48",
"Skippergata, 7042 Trondheim, Norway","Historical landmark","Historical place","Tourist attraction","Historical landmark","10314120648761704416","Trondheim","NO","0x466d310ad1152099:0x8f231e155ff67fe0","https://lh5.googleusercontent.com/p/AF1QipPTUrGnFNt0Yy5nT2OD_Dn6ROTEHx-MPueDvm2t=w408-h306-k-no","false","false","0","63.440274","10.4161705","Stephan Smevik",,,"false","ChIJmSAV0QoxbUYR4H_2XxUeI48","7042",,"5 years ago","2019-04-05T10:51:18.782Z",,,,,,,"ChdDSUhNMG9nS0VJQ0FnSUNZak1IWXRBRRAB",,,,,,,,,,,,,,"Google","https://www.google.com/maps/reviews/data=!4m8!14m7!1m6!2m5!1sChdDSUhNMG9nS0VJQ0FnSUNZak1IWXRBRRAB!2m1!1s0x0:0x8f231e155ff67fe0!3m1!1s2@1:CIHM0ogKEICAgICYjMHYtAE%7CCgwIpuac5QUQiOia9QI%7C?hl=en","101444329183221533716","2","https://lh3.googleusercontent.com/a/ACg8ocJFuZVXdZmIO8RRBB_RiR48VOG8NVD7pHcI29UEP-sIK4VHcA=s1920-c-rp-mo-br100","https://www.google.com/maps/contrib/101444329183221533716?hl=en","44","Direct Detail URL: https://www.google.com/maps/place/Dora+II/@63.440274,10.4135956,16z/data=!4m16!1m9!3m8!1s0x466d310ad1152099:0x8f231e155ff67fe0!2sDora+II!8m2!3d63.440274!4d10.4161705!9m1!1b1!16s%2Fm%2F0641t5_!3m5!1s0x466d310ad1152099:0x8f231e155ff67fe0!8m2!3d63.440274!4d10.4161705!16s%2Fm%2F0641t5_?entry=ttu&g_ep=EgoyMDI1MDIxMC4wIKXMDSoJLDEwMjExMjMzSAFQAw%3D%3D","4",,"Skippergata","false",,,"Dora 2","4.2",,"https://www.google.com/maps/search/?api=1&query=Dora%202&query_place_id=ChIJmSAV0QoxbUYR4H_2XxUeI48",
"Skippergata, 7042 Trondheim, Norway","Historical landmark","Historical place","Tourist attraction","Historical landmark","10314120648761704416","Trondheim","NO","0x466d310ad1152099:0x8f231e155ff67fe0","https://lh5.googleusercontent.com/p/AF1QipPTUrGnFNt0Yy5nT2OD_Dn6ROTEHx-MPueDvm2t=w408-h306-k-no","false","false","0","63.440274","10.4161705","Andis Abolkalns",,,"false","ChIJmSAV0QoxbUYR4H_2XxUeI48","7042",,"5 years ago","2019-03-19T09:11:06.101Z",,,,,,,"ChdDSUhNMG9nS0VJQ0FnSURvN2FhTnJ3RRAB",,,,,,,,,,,,,,"Google","https://www.google.com/maps/reviews/data=!4m8!14m7!1m6!2m5!1sChdDSUhNMG9nS0VJQ0FnSURvN2FhTnJ3RRAB!2m1!1s0x0:0x8f231e155ff67fe0!3m1!1s2@1:CIHM0ogKEICAgIDo7aaNrwE%7CCgsIquTC5AUQ6PGdMA%7C?hl=en","115235894089191555051","3","https://lh3.googleusercontent.com/a/ACg8ocL_W7MGJhyk_OcIb7onRkTDG2NzzbfQNFUqGP5xnP5SEtAPTQ=s1920-c-rp-mo-br100","https://www.google.com/maps/contrib/115235894089191555051?hl=en","44","Direct Detail URL: https://www.google.com/maps/place/Dora+II/@63.440274,10.4135956,16z/data=!4m16!1m9!3m8!1s0x466d310ad1152099:0x8f231e155ff67fe0!2sDora+II!8m2!3d63.440274!4d10.4161705!9m1!1b1!16s%2Fm%2F0641t5_!3m5!1s0x466d310ad1152099:0x8f231e155ff67fe0!8m2!3d63.440274!4d10.4161705!16s%2Fm%2F0641t5_?entry=ttu&g_ep=EgoyMDI1MDIxMC4wIKXMDSoJLDEwMjExMjMzSAFQAw%3D%3D","4",,"Skippergata","false",,,"Dora 2","4.2",,"https://www.google.com/maps/search/?api=1&query=Dora%202&query_place_id=ChIJmSAV0QoxbUYR4H_2XxUeI48",
"Skippergata, 7042 Trondheim, Norway","Historical landmark","Historical place","Tourist attraction","Historical landmark","10314120648761704416","Trondheim","NO","0x466d310ad1152099:0x8f231e155ff67fe0","https://lh5.googleusercontent.com/p/AF1QipPTUrGnFNt0Yy5nT2OD_Dn6ROTEHx-MPueDvm2t=w408-h306-k-no","false","true","0","63.440274","10.4161705","Stian S. Elvebakk",,"no","false","ChIJmSAV0QoxbUYR4H_2XxUeI48","7042",,"6 years ago","2019-01-08T14:02:10.152Z",,,,,,,"ChZDSUhNMG9nS0VJQ0FnSURJNGE2WkRnEAE",,,,,,,,,,,,,,"Google","https://www.google.com/maps/reviews/data=!4m8!14m7!1m6!2m5!1sChZDSUhNMG9nS0VJQ0FnSURJNGE2WkRnEAE!2m1!1s0x0:0x8f231e155ff67fe0!3m1!1s2@1:CIHM0ogKEICAgIDI4a6ZDg%7CCgsI4trS4QUQoJ7cSA%7C?hl=en","109112759228634450817","316","https://lh3.googleusercontent.com/a-/ALV-UjU2niZmT07MfLABwytmZUMHXy2peNNKDY9nkpDHdQq8IU8SPYwd5g=s1920-c-rp-mo-ba5-br100","https://www.google.com/maps/contrib/109112759228634450817?hl=en","44","Direct Detail URL: https://www.google.com/maps/place/Dora+II/@63.440274,10.4135956,16z/data=!4m16!1m9!3m8!1s0x466d310ad1152099:0x8f231e155ff67fe0!2sDora+II!8m2!3d63.440274!4d10.4161705!9m1!1b1!16s%2Fm%2F0641t5_!3m5!1s0x466d310ad1152099:0x8f231e155ff67fe0!8m2!3d63.440274!4d10.4161705!16s%2Fm%2F0641t5_?entry=ttu&g_ep=EgoyMDI1MDIxMC4wIKXMDSoJLDEwMjExMjMzSAFQAw%3D%3D","4",,"Skippergata","false","Liker måten stedet bekledes på","Love the way the place is dressed","Dora 2","4.2","en","https://www.google.com/maps/search/?api=1&query=Dora%202&query_place_id=ChIJmSAV0QoxbUYR4H_2XxUeI48",
"Skippergata, 7042 Trondheim, Norway","Historical landmark","Historical place","Tourist attraction","Historical landmark","10314120648761704416","Trondheim","NO","0x466d310ad1152099:0x8f231e155ff67fe0","https://lh5.googleusercontent.com/p/AF1QipPTUrGnFNt0Yy5nT2OD_Dn6ROTEHx-MPueDvm2t=w408-h306-k-no","false","true","0","63.440274","10.4161705","Roman Buzinskij",,,"false","ChIJmSAV0QoxbUYR4H_2XxUeI48","7042",,"6 years ago","2018-11-26T13:06:36.277Z",,,,,,,"ChZDSUhNMG9nS0VJQ0FnSUNJaFl6YlZREAE",,,,,,,,,,,,,,"Google","https://www.google.com/maps/reviews/data=!4m8!14m7!1m6!2m5!1sChZDSUhNMG9nS0VJQ0FnSUNJaFl6YlZREAE!2m1!1s0x0:0x8f231e155ff67fe0!3m1!1s2@1:CIHM0ogKEICAgICIhYzbVQ%7CCgwI3N_v3wUQhJHHhAE%7C?hl=en","111485654703012619665","26","https://lh3.googleusercontent.com/a/ACg8ocK7pJwOqEHcpTlz6y2bN0v6BRtSGP8nupAsn0G0r0LpJYOEdw=s1920-c-rp-mo-ba3-br100","https://www.google.com/maps/contrib/111485654703012619665?hl=en","44","Direct Detail URL: https://www.google.com/maps/place/Dora+II/@63.440274,10.4135956,16z/data=!4m16!1m9!3m8!1s0x466d310ad1152099:0x8f231e155ff67fe0!2sDora+II!8m2!3d63.440274!4d10.4161705!9m1!1b1!16s%2Fm%2F0641t5_!3m5!1s0x466d310ad1152099:0x8f231e155ff67fe0!8m2!3d63.440274!4d10.4161705!16s%2Fm%2F0641t5_?entry=ttu&g_ep=EgoyMDI1MDIxMC4wIKXMDSoJLDEwMjExMjMzSAFQAw%3D%3D","5",,"Skippergata","false",,,"Dora 2","4.2",,"https://www.google.com/maps/search/?api=1&query=Dora%202&query_place_id=ChIJmSAV0QoxbUYR4H_2XxUeI48",
"Skippergata, 7042 Trondheim, Norway","Historical landmark","Historical place","Tourist attraction","Historical landmark","10314120648761704416","Trondheim","NO","0x466d310ad1152099:0x8f231e155ff67fe0","https://lh5.googleusercontent.com/p/AF1QipPTUrGnFNt0Yy5nT2OD_Dn6ROTEHx-MPueDvm2t=w408-h306-k-no","false","true","0","63.440274","10.4161705","Bartłomiej Stanczyk",,,"false","ChIJmSAV0QoxbUYR4H_2XxUeI48","7042",,"6 years ago","2018-09-24T12:23:48.885Z",,,,,,,"ChZDSUhNMG9nS0VJQ0FnSUNRbDhxZFRBEAE",,,,,,,,,,,,,,"Google","https://www.google.com/maps/reviews/data=!4m8!14m7!1m6!2m5!1sChZDSUhNMG9nS0VJQ0FnSUNRbDhxZFRBEAE!2m1!1s0x0:0x8f231e155ff67fe0!3m1!1s2@1:CIHM0ogKEICAgICQl8qdTA%7CCgwI1K6j3QUQyKiupgM%7C?hl=en","118427459851296338745","35","https://lh3.googleusercontent.com/a/ACg8ocI27vYKewZq2_fjwPCsFuk5Oyn5egDyE0WcVXnug31NvJKm4w=s1920-c-rp-mo-ba4-br100","https://www.google.com/maps/contrib/118427459851296338745?hl=en","44","Direct Detail URL: https://www.google.com/maps/place/Dora+II/@63.440274,10.4135956,16z/data=!4m16!1m9!3m8!1s0x466d310ad1152099:0x8f231e155ff67fe0!2sDora+II!8m2!3d63.440274!4d10.4161705!9m1!1b1!16s%2Fm%2F0641t5_!3m5!1s0x466d310ad1152099:0x8f231e155ff67fe0!8m2!3d63.440274!4d10.4161705!16s%2Fm%2F0641t5_?entry=ttu&g_ep=EgoyMDI1MDIxMC4wIKXMDSoJLDEwMjExMjMzSAFQAw%3D%3D","5",,"Skippergata","false",,,"Dora 2","4.2",,"https://www.google.com/maps/search/?api=1&query=Dora%202&query_place_id=ChIJmSAV0QoxbUYR4H_2XxUeI48",
"Skippergata, 7042 Trondheim, Norway","Historical landmark","Historical place","Tourist attraction","Historical landmark","10314120648761704416","Trondheim","NO","0x466d310ad1152099:0x8f231e155ff67fe0","https://lh5.googleusercontent.com/p/AF1QipPTUrGnFNt0Yy5nT2OD_Dn6ROTEHx-MPueDvm2t=w408-h306-k-no","false","true","0","63.440274","10.4161705","Lasse Martinsen",,"no","false","ChIJmSAV0QoxbUYR4H_2XxUeI48","7042",,"6 years ago","2018-06-20T11:43:21.213Z",,,,,,,"ChdDSUhNMG9nS0VJQ0FnSURndnZyaXhBRRAB",,,,,,,,,,,,,,"Google","https://www.google.com/maps/reviews/data=!4m8!14m7!1m6!2m5!1sChdDSUhNMG9nS0VJQ0FnSURndnZyaXhBRRAB!2m1!1s0x0:0x8f231e155ff67fe0!3m1!1s2@1:CIHM0ogKEICAgIDgvvrixAE%7CCgsI2fuo2QUQwL7IZQ%7C?hl=en","111174765416215753506","21","https://lh3.googleusercontent.com/a/ACg8ocIbwxSH-uhNFO5DCr-svxTp_cbh3KrwH82KQBruH8aGjIPBrw=s1920-c-rp-mo-ba3-br100","https://www.google.com/maps/contrib/111174765416215753506?hl=en","44","Direct Detail URL: https://www.google.com/maps/place/Dora+II/@63.440274,10.4135956,16z/data=!4m16!1m9!3m8!1s0x466d310ad1152099:0x8f231e155ff67fe0!2sDora+II!8m2!3d63.440274!4d10.4161705!9m1!1b1!16s%2Fm%2F0641t5_!3m5!1s0x466d310ad1152099:0x8f231e155ff67fe0!8m2!3d63.440274!4d10.4161705!16s%2Fm%2F0641t5_?entry=ttu&g_ep=EgoyMDI1MDIxMC4wIKXMDSoJLDEwMjExMjMzSAFQAw%3D%3D","3",,"Skippergata","false","Lite å se","Little to see","Dora 2","4.2","en","https://www.google.com/maps/search/?api=1&query=Dora%202&query_place_id=ChIJmSAV0QoxbUYR4H_2XxUeI48",
"Skippergata, 7042 Trondheim, Norway","Historical landmark","Historical place","Tourist attraction","Historical landmark","10314120648761704416","Trondheim","NO","0x466d310ad1152099:0x8f231e155ff67fe0","https://lh5.googleusercontent.com/p/AF1QipPTUrGnFNt0Yy5nT2OD_Dn6ROTEHx-MPueDvm2t=w408-h306-k-no","false","true","0","63.440274","10.4161705","nikolay berger",,,"false","ChIJmSAV0QoxbUYR4H_2XxUeI48","7042",,"6 years ago","2018-06-08T07:52:39.659Z",,,,,,,"ChdDSUhNMG9nS0VJQ0FnSUNRbzhTcm1RRRAB",,,,,,,,,,,,,,"Google","https://www.google.com/maps/reviews/data=!4m8!14m7!1m6!2m5!1sChdDSUhNMG9nS0VJQ0FnSUNRbzhTcm1RRRAB!2m1!1s0x0:0x8f231e155ff67fe0!3m1!1s2@1:CIHM0ogKEICAgICQo8SrmQE%7CCgwIx-vo2AUQwJWeugI%7C?hl=en","107650419438438183283","141","https://lh3.googleusercontent.com/a/ACg8ocLzaInSS6SAeOoQX-aEDWNFlWtbocIqoLtv6HyQySHfAhrMKQ=s1920-c-rp-mo-ba4-br100","https://www.google.com/maps/contrib/107650419438438183283?hl=en","44","Direct Detail URL: https://www.google.com/maps/place/Dora+II/@63.440274,10.4135956,16z/data=!4m16!1m9!3m8!1s0x466d310ad1152099:0x8f231e155ff67fe0!2sDora+II!8m2!3d63.440274!4d10.4161705!9m1!1b1!16s%2Fm%2F0641t5_!3m5!1s0x466d310ad1152099:0x8f231e155ff67fe0!8m2!3d63.440274!4d10.4161705!16s%2Fm%2F0641t5_?entry=ttu&g_ep=EgoyMDI1MDIxMC4wIKXMDSoJLDEwMjExMjMzSAFQAw%3D%3D","4",,"Skippergata","false",,,"Dora 2","4.2",,"https://www.google.com/maps/search/?api=1&query=Dora%202&query_place_id=ChIJmSAV0QoxbUYR4H_2XxUeI48",
"Skippergata, 7042 Trondheim, Norway","Historical landmark","Historical place","Tourist attraction","Historical landmark","10314120648761704416","Trondheim","NO","0x466d310ad1152099:0x8f231e155ff67fe0","https://lh5.googleusercontent.com/p/AF1QipPTUrGnFNt0Yy5nT2OD_Dn6ROTEHx-MPueDvm2t=w408-h306-k-no","false","true","0","63.440274","10.4161705","San Jacobs",,"en","false","ChIJmSAV0QoxbUYR4H_2XxUeI48","7042",,"6 years ago","2018-02-19T11:18:49.067Z",,,,,,,"ChdDSUhNMG9nS0VJQ0FnSUNRNHMzWC1BRRAB",,,,,,,,,,,,,,"Google","https://www.google.com/maps/reviews/data=!4m8!14m7!1m6!2m5!1sChdDSUhNMG9nS0VJQ0FnSUNRNHMzWC1BRRAB!2m1!1s0x0:0x8f231e155ff67fe0!3m1!1s2@1:CIHM0ogKEICAgICQ4s3X-AE%7CCgsImeWq1AUQwK35Hw%7C?hl=en","113397641880786089706","36","https://lh3.googleusercontent.com/a-/ALV-UjXxYGikvOjdYGfymiS2CKOd5qAPfzJv741ncf5gLxq-YBsT3cQJ=s1920-c-rp-mo-ba3-br100","https://www.google.com/maps/contrib/113397641880786089706?hl=en","44","Direct Detail URL: https://www.google.com/maps/place/Dora+II/@63.440274,10.4135956,16z/data=!4m16!1m9!3m8!1s0x466d310ad1152099:0x8f231e155ff67fe0!2sDora+II!8m2!3d63.440274!4d10.4161705!9m1!1b1!16s%2Fm%2F0641t5_!3m5!1s0x466d310ad1152099:0x8f231e155ff67fe0!8m2!3d63.440274!4d10.4161705!16s%2Fm%2F0641t5_?entry=ttu&g_ep=EgoyMDI1MDIxMC4wIKXMDSoJLDEwMjExMjMzSAFQAw%3D%3D","5",,"Skippergata","false","I explore this place regularly. I love the old industrial look.",,"Dora 2","4.2",,"https://www.google.com/maps/search/?api=1&query=Dora%202&query_place_id=ChIJmSAV0QoxbUYR4H_2XxUeI48",
"Skippergata, 7042 Trondheim, Norway","Historical landmark","Historical place","Tourist attraction","Historical landmark","10314120648761704416","Trondheim","NO","0x466d310ad1152099:0x8f231e155ff67fe0","https://lh5.googleusercontent.com/p/AF1QipPTUrGnFNt0Yy5nT2OD_Dn6ROTEHx-MPueDvm2t=w408-h306-k-no","false","true","0","63.440274","10.4161705","Jean-Marc Rechsteiner",,"en","false","ChIJmSAV0QoxbUYR4H_2XxUeI48","7042",,"7 years ago","2017-07-12T16:30:48.567Z",,,,,,,"ChZDSUhNMG9nS0VJQ0FnSUNna0lYREdBEAE",,,,,,,,,,,,,,"Google","https://www.google.com/maps/reviews/data=!4m8!14m7!1m6!2m5!1sChZDSUhNMG9nS0VJQ0FnSUNna0lYREdBEAE!2m1!1s0x0:0x8f231e155ff67fe0!3m1!1s2@1:CIHM0ogKEICAgICgkIXDGA%7CCgwIuJ2ZywUQwPeujgI%7C?hl=en","106719577611596898312","265","https://lh3.googleusercontent.com/a/ACg8ocLEQCKbwvOOPtTM-DVS1Ce1F8F6i2feAI39FYDlFW_YzeLToQ=s1920-c-rp-mo-ba5-br100","https://www.google.com/maps/contrib/106719577611596898312?hl=en","44","Direct Detail URL: https://www.google.com/maps/place/Dora+II/@63.440274,10.4135956,16z/data=!4m16!1m9!3m8!1s0x466d310ad1152099:0x8f231e155ff67fe0!2sDora+II!8m2!3d63.440274!4d10.4161705!9m1!1b1!16s%2Fm%2F0641t5_!3m5!1s0x466d310ad1152099:0x8f231e155ff67fe0!8m2!3d63.440274!4d10.4161705!16s%2Fm%2F0641t5_?entry=ttu&g_ep=EgoyMDI1MDIxMC4wIKXMDSoJLDEwMjExMjMzSAFQAw%3D%3D","3",,"Skippergata","false","Its a historical place ... Its in the middle of the industry-zone and its not possible to walk around and see much ..",,"Dora 2","4.2",,"https://www.google.com/maps/search/?api=1&query=Dora%202&query_place_id=ChIJmSAV0QoxbUYR4H_2XxUeI48",
"Skippergata, 7042 Trondheim, Norway","Historical landmark","Historical place","Tourist attraction","Historical landmark","10314120648761704416","Trondheim","NO","0x466d310ad1152099:0x8f231e155ff67fe0","https://lh5.googleusercontent.com/p/AF1QipPTUrGnFNt0Yy5nT2OD_Dn6ROTEHx-MPueDvm2t=w408-h306-k-no","false","true","0","63.440274","10.4161705","Frank Asprem",,,"false","ChIJmSAV0QoxbUYR4H_2XxUeI48","7042",,"7 years ago","2017-04-03T16:14:20.430Z",,,,,,,"ChdDSUhNMG9nS0VJQ0FnSURROHZYNDVBRRAB",,,,,,,,,,,,,,"Google","https://www.google.com/maps/reviews/data=!4m8!14m7!1m6!2m5!1sChdDSUhNMG9nS0VJQ0FnSURROHZYNDVBRRAB!2m1!1s0x0:0x8f231e155ff67fe0!3m1!1s2@1:CIHM0ogKEICAgIDQ8vX45AE%7CCgwI3OmJxwUQgI-FzQE%7C?hl=en","117876073554758072229","5","https://lh3.googleusercontent.com/a/ACg8ocJRrJSlfC_Rz0Jx8gtLd8ie6zOMZFQ4SmBQj8LDQ3b0SeI-Dw=s1920-c-rp-mo-ba5-br100","https://www.google.com/maps/contrib/117876073554758072229?hl=en","44","Direct Detail URL: https://www.google.com/maps/place/Dora+II/@63.440274,10.4135956,16z/data=!4m16!1m9!3m8!1s0x466d310ad1152099:0x8f231e155ff67fe0!2sDora+II!8m2!3d63.440274!4d10.4161705!9m1!1b1!16s%2Fm%2F0641t5_!3m5!1s0x466d310ad1152099:0x8f231e155ff67fe0!8m2!3d63.440274!4d10.4161705!16s%2Fm%2F0641t5_?entry=ttu&g_ep=EgoyMDI1MDIxMC4wIKXMDSoJLDEwMjExMjMzSAFQAw%3D%3D","4",,"Skippergata","false",,,"Dora 2","4.2",,"https://www.google.com/maps/search/?api=1&query=Dora%202&query_place_id=ChIJmSAV0QoxbUYR4H_2XxUeI48",
"Skippergata, 7042 Trondheim, Norway","Historical landmark","Historical place","Tourist attraction","Historical landmark","10314120648761704416","Trondheim","NO","0x466d310ad1152099:0x8f231e155ff67fe0","https://lh5.googleusercontent.com/p/AF1QipPTUrGnFNt0Yy5nT2OD_Dn6ROTEHx-MPueDvm2t=w408-h306-k-no","false","true","0","63.440274","10.4161705","Владимир Поздеев",,"ru","false","ChIJmSAV0QoxbUYR4H_2XxUeI48","7042",,"8 years ago","2016-08-21T05:59:23.674Z",,,,,,,"ChZDSUhNMG9nS0VJQ0FnSUNRdTRpUEpREAE","https://lh3.googleusercontent.com/geougc-cs/AIHozJL0nagcCkMoRexXA6QAV45RZtdB-EGsGMMMM_9iVkyzjydw_TIKthKeQAzdMQWASxm6avCUi-AeQ5o1NAUQHVvkGN7GpbywFBP7EV-1L6N_l2a5K-aLEgKesa_yqEpcPfcuBHVM","https://lh3.googleusercontent.com/geougc-cs/AIHozJLnIajD83a2yfOfagCXcVmrEHpKlEiCvjxym-GeoHRjEfTDHQA_eJx9wCkuXNQaVvwXJQ1dMEaApSTSSWGDuPl3TQmRwLkQjTAwsSrxRBVEAdMHaFT_AH3b64DQK4HX8lc7Zm4",,,,,,,,,,,,"Google","https://www.google.com/maps/reviews/data=!4m8!14m7!1m6!2m5!1sChZDSUhNMG9nS0VJQ0FnSUNRdTRpUEpREAE!2m1!1s0x0:0x8f231e155ff67fe0!3m1!1s2@1:CIHM0ogKEICAgICQu4iPJQ%7CCgwIu4blvQUQgNmxwQI%7C?hl=en","118286843985510494156","73","https://lh3.googleusercontent.com/a-/ALV-UjVVNL7ramUI38WnlKaAaOowti3stH_RBKxTgeq4kQvI-eW2OGFe9g=s1920-c-rp-mo-ba4-br100","https://www.google.com/maps/contrib/118286843985510494156?hl=en","44","Direct Detail URL: https://www.google.com/maps/place/Dora+II/@63.440274,10.4135956,16z/data=!4m16!1m9!3m8!1s0x466d310ad1152099:0x8f231e155ff67fe0!2sDora+II!8m2!3d63.440274!4d10.4161705!9m1!1b1!16s%2Fm%2F0641t5_!3m5!1s0x466d310ad1152099:0x8f231e155ff67fe0!8m2!3d63.440274!4d10.4161705!16s%2Fm%2F0641t5_?entry=ttu&g_ep=EgoyMDI1MDIxMC4wIKXMDSoJLDEwMjExMjMzSAFQAw%3D%3D","4",,"Skippergata","false","Здесь можно прикоснуться к истории.","Here you can touch history.","Dora 2","4.2","en","https://www.google.com/maps/search/?api=1&query=Dora%202&query_place_id=ChIJmSAV0QoxbUYR4H_2XxUeI48",
"Skippergata, 7042 Trondheim, Norway","Historical landmark","Historical place","Tourist attraction","Historical landmark","10314120648761704416","Trondheim","NO","0x466d310ad1152099:0x8f231e155ff67fe0","https://lh5.googleusercontent.com/p/AF1QipPTUrGnFNt0Yy5nT2OD_Dn6ROTEHx-MPueDvm2t=w408-h306-k-no","false","true","0","63.440274","10.4161705","Jan Tore Myren",,,"false","ChIJmSAV0QoxbUYR4H_2XxUeI48","7042",,"8 years ago","2016-07-27T21:45:31.393Z",,,,,,,"ChZDSUhNMG9nS0VJQ0FnSURBMnVpbkdBEAE",,,,,,,,,,,,,,"Google","https://www.google.com/maps/reviews/data=!4m8!14m7!1m6!2m5!1sChZDSUhNMG9nS0VJQ0FnSURBMnVpbkdBEAE!2m1!1s0x0:0x8f231e155ff67fe0!3m1!1s2@1:CIHM0ogKEICAgIDA2uinGA%7CCgwI-9bkvAUQwOiyuwE%7C?hl=en","109736769362146558787","51","https://lh3.googleusercontent.com/a-/ALV-UjUgBBNaN_K2HOR17CKelizxLOvTF6CbS0qg0b2UfMbKtjVyCak=s1920-c-rp-mo-ba4-br100","https://www.google.com/maps/contrib/109736769362146558787?hl=en","44","Direct Detail URL: https://www.google.com/maps/place/Dora+II/@63.440274,10.4135956,16z/data=!4m16!1m9!3m8!1s0x466d310ad1152099:0x8f231e155ff67fe0!2sDora+II!8m2!3d63.440274!4d10.4161705!9m1!1b1!16s%2Fm%2F0641t5_!3m5!1s0x466d310ad1152099:0x8f231e155ff67fe0!8m2!3d63.440274!4d10.4161705!16s%2Fm%2F0641t5_?entry=ttu&g_ep=EgoyMDI1MDIxMC4wIKXMDSoJLDEwMjExMjMzSAFQAw%3D%3D","5",,"Skippergata","false",,,"Dora 2","4.2",,"https://www.google.com/maps/search/?api=1&query=Dora%202&query_place_id=ChIJmSAV0QoxbUYR4H_2XxUeI48",
